"query","api","endpoint","method","request","expected_response","scenario_type","test_category","notes"
"Create a standard customer order with card payment.","Create_Customer_Order","/v1/orders","POST","{""query_parameters"": {}, ""headers"": {""Content-Type"": ""application/json"", ""Authorization"": ""Bearer test_api_key_123""}, ""body"": {""items"": [{""quantity"": 1, ""product_id"": ""prod_ELC001""}, {""quantity"": 3, ""product_id"": ""prod_BOK007""}], ""payment"": {""method"": ""card"", ""card_token"": ""tok_visa_success""}, ""customer_id"": ""cust_1001"", ""shipping_address"": {""city"": ""Mumbai"", ""line1"": ""Flat 501, Sea View Apt"", ""line2"": ""Bandra West"", ""state"": ""MH"", ""country"": ""IN"", ""postal_code"": ""400050""}}}","{""items"": [{""price"": 1200, ""quantity"": 1, ""product_id"": ""prod_ELC001""}, {""price"": 300, ""quantity"": 3, ""product_id"": ""prod_BOK007""}], ""status"": ""created"", ""message"": ""Order created and payment authorized."", ""currency"": ""INR"", ""order_id"": ""ord_20251201_0001"", ""total_amount"": 2100, ""estimated_delivery"": ""2025-12-05""}","valid","valid_flow","Standard valid order creation with two items and card payment."
"Place a new order using UPI, no second address line.","Create_Customer_Order","/v1/orders","POST","{""query_parameters"": {}, ""headers"": {""Content-Type"": ""application/json"", ""Authorization"": ""Bearer test_api_key_123""}, ""body"": {""items"": [{""quantity"": 1, ""product_id"": ""prod_FAS010""}], ""payment"": {""method"": ""upi"", ""upi_id"": ""user123@bank""}, ""customer_id"": ""cust_1002"", ""shipping_address"": {""city"": ""Bengaluru"", ""line1"": ""10 Downing Street"", ""line2"": null, ""state"": ""KA"", ""country"": ""IN"", ""postal_code"": ""560001""}}}","{""status"": ""pending_payment"", ""message"": ""Order created. Awaiting UPI payment confirmation."", ""currency"": ""INR"", ""order_id"": ""ord_20251201_0002"", ""total_amount"": 799, ""estimated_delivery"": ""2025-12-06""}","valid","valid_flow","Valid order with UPI payment and null for line2 of address."
"Order a single book with COD payment for a new customer.","Create_Customer_Order","/v1/orders","POST","{""query_parameters"": {}, ""headers"": {""Content-Type"": ""application/json"", ""Authorization"": ""Bearer test_api_key_123""}, ""body"": {""items"": [{""quantity"": 1, ""product_id"": ""prod_BOK001""}], ""payment"": {""method"": ""cod""}, ""customer_id"": ""cust_1003"", ""shipping_address"": {""city"": ""Delhi"", ""line1"": ""22 Sector 14"", ""state"": ""DL"", ""country"": ""IN"", ""postal_code"": ""110001""}}}","{""status"": ""created"", ""message"": ""Order created, awaiting cash on delivery."", ""currency"": ""INR"", ""order_id"": ""ord_20251201_0003"", ""total_amount"": 450, ""estimated_delivery"": ""2025-12-07""}","valid","valid_flow","Valid order using Cash on Delivery (COD) payment method."
"Can I simulate an order for a customer with netbanking?","Create_Customer_Order","/v1/orders","POST","{""query_parameters"": {""simulate"": ""true""}, ""headers"": {""Content-Type"": ""application/json"", ""Authorization"": ""Bearer test_api_key_123""}, ""body"": {""items"": [{""quantity"": 2, ""product_id"": ""prod_HOM005""}], ""payment"": {""method"": ""netbanking"", ""netbanking_id"": ""bank_id_AXIS""}, ""customer_id"": ""cust_1004"", ""shipping_address"": {""city"": ""Chennai"", ""line1"": ""15, Anna Salai"", ""state"": ""TN"", ""country"": ""IN"", ""postal_code"": ""600002""}, ""notes"": ""Simulation test for netbanking flow.""}}","{""valid"": true, ""message"": ""Order simulation successful."", ""simulation"": true, ""total_amount"": 1500}","valid","valid_flow","Valid order simulation using netbanking with a note."
"creaet ordr for cust_2001, just one item, card pay","Create_Customer_Order","/v1/orders","POST","{""query_parameters"": {}, ""headers"": {""Content-Type"": ""application/json"", ""Authorization"": ""Bearer test_api_key_123""}, ""body"": {""items"": [{""quantity"": 1, ""product_id"": ""prod_TOY003""}], ""payment"": {""method"": ""card"", ""card_token"": ""tok_mc_ok""}, ""customer_id"": ""cust_2001"", ""shipping_address"": {""city"": ""Kolkata"", ""line1"": ""1A, Park Street"", ""state"": ""WB"", ""country"": ""IN"", ""postal_code"": ""700016""}}}","{""items"": [{""price"": 500, ""quantity"": 1, ""product_id"": ""prod_TOY003""}], ""status"": ""created"", ""message"": ""Order created and payment authorized."", ""currency"": ""INR"", ""order_id"": ""ord_20251201_0004"", ""total_amount"": 500, ""estimated_delivery"": ""2025-12-05""}","valid","typo","Valid order with a single item and card payment, query contains typos."
"Process order for cust_3001, 5 units of prod_KIT002, UPI.","Create_Customer_Order","/v1/orders","POST","{""query_parameters"": {}, ""headers"": {""Content-Type"": ""application/json"", ""Authorization"": ""Bearer test_api_key_123""}, ""body"": {""items"": [{""quantity"": 5, ""product_id"": ""prod_KIT002""}], ""payment"": {""method"": ""upi"", ""upi_id"": ""anotheruser@ybl""}, ""customer_id"": ""cust_3001"", ""shipping_address"": {""city"": ""Hyderabad"", ""line1"": ""Plot No. 10, Gachibowli"", ""state"": ""TS"", ""country"": ""IN"", ""postal_code"": ""500032""}}}","{""status"": ""pending_payment"", ""message"": ""Order created. Awaiting UPI payment confirmation."", ""currency"": ""INR"", ""order_id"": ""ord_20251201_0005"", ""total_amount"": 2500, ""estimated_delivery"": ""2025-12-08""}","valid","paraphrase","Valid order with multiple units of a single item, UPI payment."
"New purchase for cust_4001, two different items, simulate mode on.","Create_Customer_Order","/v1/orders","POST","{""query_parameters"": {""simulate"": ""true""}, ""headers"": {""Content-Type"": ""application/json"", ""Authorization"": ""Bearer test_api_key_123""}, ""body"": {""items"": [{""quantity"": 1, ""product_id"": ""prod_GROC01""}, {""quantity"": 2, ""product_id"": ""prod_DRNK05""}], ""payment"": {""method"": ""card"", ""card_token"": ""tok_amex_test""}, ""customer_id"": ""cust_4001"", ""shipping_address"": {""city"": ""Pune"", ""line1"": ""Lane 7, Koregaon Park"", ""state"": ""MH"", ""country"": ""IN"", ""postal_code"": ""411001""}, ""notes"": ""Test order for new customer segment.""}}","{""valid"": true, ""message"": ""Order simulation successful."", ""simulation"": true, ""total_amount"": 1800}","valid","valid_flow","Valid simulation order with multiple items and a note."
"Submit a quick order for cust_5001, netbanking, specific address.","Create_Customer_Order","/v1/orders","POST","{""query_parameters"": {}, ""headers"": {""Content-Type"": ""application/json"", ""Authorization"": ""Bearer test_api_key_123""}, ""body"": {""items"": [{""quantity"": 1, ""product_id"": ""prod_ELEC002""}], ""payment"": {""method"": ""netbanking"", ""netbanking_id"": ""bank_id_HDFC""}, ""customer_id"": ""cust_5001"", ""shipping_address"": {""city"": ""Jaipur"", ""line1"": ""30, Malviya Nagar"", ""state"": ""RJ"", ""country"": ""IN"", ""postal_code"": ""302017""}}}","{""status"": ""created"", ""message"": ""Order created and payment authorized."", ""currency"": ""INR"", ""order_id"": ""ord_20251201_0006"", ""total_amount"": 2500, ""estimated_delivery"": ""2025-12-05""}","valid","valid_flow","Valid order with netbanking payment."
"Order 10 units of prod_OFF001 for cust_6001, COD.","Create_Customer_Order","/v1/orders","POST","{""query_parameters"": {}, ""headers"": {""Content-Type"": ""application/json"", ""Authorization"": ""Bearer test_api_key_123""}, ""body"": {""items"": [{""quantity"": 10, ""product_id"": ""prod_OFF001""}], ""payment"": {""method"": ""cod""}, ""customer_id"": ""cust_6001"", ""shipping_address"": {""city"": ""Lucknow"", ""line1"": ""100, Hazratganj"", ""state"": ""UP"", ""country"": ""IN"", ""postal_code"": ""226001""}}}","{""status"": ""created"", ""message"": ""Order created, awaiting cash on delivery."", ""currency"": ""INR"", ""order_id"": ""ord_20251201_0007"", ""total_amount"": 1000, ""estimated_delivery"": ""2025-12-09""}","valid","valid_flow","Valid order for a larger quantity of a single product with COD."
"Run a test order for cust_7001 with 3 items, card payment, simulate on.","Create_Customer_Order","/v1/orders","POST","{""query_parameters"": {""simulate"": ""true""}, ""headers"": {""Content-Type"": ""application/json"", ""Authorization"": ""Bearer test_api_key_123""}, ""body"": {""items"": [{""quantity"": 1, ""product_id"": ""prod_MED001""}, {""quantity"": 2, ""product_id"": ""prod_MED002""}, {""quantity"": 1, ""product_id"": ""prod_MED003""}], ""payment"": {""method"": ""card"", ""card_token"": ""tok_visa_valid""}, ""customer_id"": ""cust_7001"", ""shipping_address"": {""city"": ""Ahmedabad"", ""line1"": ""SG Highway, Prahladnagar"", ""state"": ""GJ"", ""country"": ""IN"", ""postal_code"": ""380015""}}}","{""valid"": true, ""message"": ""Order simulation successful."", ""simulation"": true, ""total_amount"": 3000}","valid","valid_flow","Valid simulation order with three different items."
"Place subscription renewal order for cust_8001, netbanking.","Create_Customer_Order","/v1/orders","POST","{""query_parameters"": {}, ""headers"": {""Content-Type"": ""application/json"", ""Authorization"": ""Bearer test_api_key_123""}, ""body"": {""items"": [{""quantity"": 1, ""product_id"": ""prod_SUB001""}], ""payment"": {""method"": ""netbanking"", ""netbanking_id"": ""bank_id_ICICI""}, ""customer_id"": ""cust_8001"", ""shipping_address"": {""city"": ""Bhopal"", ""line1"": ""E-5 Arera Colony"", ""state"": ""MP"", ""country"": ""IN"", ""postal_code"": ""462016""}, ""notes"": ""Monthly subscription renewal.""}}","{""status"": ""created"", ""message"": ""Order created and payment authorized."", ""currency"": ""INR"", ""order_id"": ""ord_20251201_0008"", ""total_amount"": 999, ""estimated_delivery"": ""2025-12-05""}","valid","valid_flow","Valid order for a subscription product with netbanking and a note."
"Submit order for cust_9001, single item, UPI, specific delivery instructions.","Create_Customer_Order","/v1/orders","POST","{""query_parameters"": {}, ""headers"": {""Content-Type"": ""application/json"", ""Authorization"": ""Bearer test_api_key_123""}, ""body"": {""items"": [{""quantity"": 1, ""product_id"": ""prod_FOOD01""}], ""payment"": {""method"": ""upi"", ""upi_id"": ""deliveryboy@okbank""}, ""customer_id"": ""cust_9001"", ""shipping_address"": {""city"": ""Goa"", ""line1"": ""H. No. 10, Calangute"", ""state"": ""GA"", ""country"": ""IN"", ""postal_code"": ""403516""}, ""notes"": ""Please leave at front desk.""}}","{""status"": ""pending_payment"", ""message"": ""Order created. Awaiting UPI payment confirmation."", ""currency"": ""INR"", ""order_id"": ""ord_20251201_0009"", ""total_amount"": 350, ""estimated_delivery"": ""2025-12-07""}","valid","valid_flow","Valid order with UPI and specific delivery notes."
"Create bulk order for cust_1000, 50 units of prod_BULK01, COD.","Create_Customer_Order","/v1/orders","POST","{""query_parameters"": {}, ""headers"": {""Content-Type"": ""application/json"", ""Authorization"": ""Bearer test_api_key_123""}, ""body"": {""items"": [{""quantity"": 50, ""product_id"": ""prod_BULK01""}], ""payment"": {""method"": ""cod""}, ""customer_id"": ""cust_1000"", ""shipping_address"": {""city"": ""Surat"", ""line1"": ""Diamond Plaza, Varachha"", ""state"": ""GJ"", ""country"": ""IN"", ""postal_code"": ""395006""}}}","{""status"": ""created"", ""message"": ""Order created, awaiting cash on delivery."", ""currency"": ""INR"", ""order_id"": ""ord_20251201_0010"", ""total_amount"": 5000, ""estimated_delivery"": ""2025-12-10""}","valid","valid_flow","Valid bulk order with COD."
"Simulate a large card payment order for cust_1100, multiple items.","Create_Customer_Order","/v1/orders","POST","{""query_parameters"": {""simulate"": ""true""}, ""headers"": {""Content-Type"": ""application/json"", ""Authorization"": ""Bearer test_api_key_123""}, ""body"": {""items"": [{""quantity"": 2, ""product_id"": ""prod_LUX01""}, {""quantity"": 1, ""product_id"": ""prod_LUX02""}, {""quantity"": 3, ""product_id"": ""prod_LUX03""}], ""payment"": {""method"": ""card"", ""card_token"": ""tok_platinum_test""}, ""customer_id"": ""cust_1100"", ""shipping_address"": {""city"": ""Chandigarh"", ""line1"": ""Sector 17, Main Market"", ""state"": ""CH"", ""country"": ""IN"", ""postal_code"": ""160017""}}}","{""valid"": true, ""message"": ""Order simulation successful."", ""simulation"": true, ""total_amount"": 15000}","valid","valid_flow","Valid simulation for a larger, multi-item order."
"Create order for cust_1200, single item, UPI, no line2, simulate=false.","Create_Customer_Order","/v1/orders","POST","{""query_parameters"": {""simulate"": ""false""}, ""headers"": {""Content-Type"": ""application/json"", ""Authorization"": ""Bearer test_api_key_123""}, ""body"": {""items"": [{""quantity"": 1, ""product_id"": ""prod_SPORT01""}], ""payment"": {""method"": ""upi"", ""upi_id"": ""sportsfan@pay""}, ""customer_id"": ""cust_1200"", ""shipping_address"": {""city"": ""Nagpur"", ""line1"": ""Wardha Road"", ""line2"": null, ""state"": ""MH"", ""country"": ""IN"", ""postal_code"": ""440012""}}}","{""status"": ""pending_payment"", ""message"": ""Order created. Awaiting UPI payment confirmation."", ""currency"": ""INR"", ""order_id"": ""ord_20251201_0011"", ""total_amount"": 850, ""estimated_delivery"": ""2025-12-07""}","valid","valid_flow","Valid order, explicit simulate=false, UPI payment, null line2."
"New order, cust_1300, product prod_PET01, quantity 2, netbanking.","Create_Customer_Order","/v1/orders","POST","{""query_parameters"": {}, ""headers"": {""Content-Type"": ""application/json"", ""Authorization"": ""Bearer test_api_key_123""}, ""body"": {""items"": [{""quantity"": 2, ""product_id"": ""prod_PET01""}], ""payment"": {""method"": ""netbanking"", ""netbanking_id"": ""bank_id_SBI""}, ""customer_id"": ""cust_1300"", ""shipping_address"": {""city"": ""Indore"", ""line1"": ""Scheme No. 78, Part-II"", ""state"": ""MP"", ""country"": ""IN"", ""postal_code"": ""452010""}}}","{""status"": ""created"", ""message"": ""Order created and payment authorized."", ""currency"": ""INR"", ""order_id"": ""ord_20251201_0012"", ""total_amount"": 1100, ""estimated_delivery"": ""2025-12-06""}","valid","valid_flow","Valid order with two units of a product, netbanking."
"Process a gift order for cust_1400, COD, special notes.","Create_Customer_Order","/v1/orders","POST","{""query_parameters"": {}, ""headers"": {""Content-Type"": ""application/json"", ""Authorization"": ""Bearer test_api_key_123""}, ""body"": {""items"": [{""quantity"": 1, ""product_id"": ""prod_GIFT01""}], ""payment"": {""method"": ""cod""}, ""customer_id"": ""cust_1400"", ""shipping_address"": {""city"": ""Ranchi"", ""line1"": ""Main Road, Doranda"", ""state"": ""JH"", ""country"": ""IN"", ""postal_code"": ""834002""}, ""notes"": ""Gift wrap and add a card: 'Happy Birthday!'""}}","{""status"": ""created"", ""message"": ""Order created, awaiting cash on delivery."", ""currency"": ""INR"", ""order_id"": ""ord_20251201_0013"", ""total_amount"": 600, ""estimated_delivery"": ""2025-12-09""}","valid","valid_flow","Valid COD order with specific gift notes."
"Simulate a small order for cust_1500, card payment, minimal address.","Create_Customer_Order","/v1/orders","POST","{""query_parameters"": {""simulate"": ""true""}, ""headers"": {""Content-Type"": ""application/json"", ""Authorization"": ""Bearer test_api_key_123""}, ""body"": {""items"": [{""quantity"": 1, ""product_id"": ""prod_MINI01""}], ""payment"": {""method"": ""card"", ""card_token"": ""tok_test_4242""}, ""customer_id"": ""cust_1500"", ""shipping_address"": {""city"": ""Patna"", ""line1"": ""Boring Road"", ""state"": ""BR"", ""country"": ""IN"", ""postal_code"": ""800001""}}}","{""valid"": true, ""message"": ""Order simulation successful."", ""simulation"": true, ""total_amount"": 250}","valid","valid_flow","Valid simulation order with minimal address details (no line2)."
"Place order for cust_1600, multiple items, UPI, short note.","Create_Customer_Order","/v1/orders","POST","{""query_parameters"": {}, ""headers"": {""Content-Type"": ""application/json"", ""Authorization"": ""Bearer test_api_key_123""}, ""body"": {""items"": [{""quantity"": 1, ""product_id"": ""prod_ART01""}, {""quantity"": 1, ""product_id"": ""prod_ART02""}], ""payment"": {""method"": ""upi"", ""upi_id"": ""artist@upi""}, ""customer_id"": ""cust_1600"", ""shipping_address"": {""city"": ""Bhubaneswar"", ""line1"": ""Unit 8, Nayapalli"", ""state"": ""OD"", ""country"": ""IN"", ""postal_code"": ""751012""}, ""notes"": ""Fragile items.""}}","{""status"": ""pending_payment"", ""message"": ""Order created. Awaiting UPI payment confirmation."", ""currency"": ""INR"", ""order_id"": ""ord_20251201_0014"", ""total_amount"": 1800, ""estimated_delivery"": ""2025-12-08""}","valid","valid_flow","Valid order with multiple items, UPI, and a short note."
"New order for cust_1700, two of prod_HOME01, netbanking, simulate=true.","Create_Customer_Order","/v1/orders","POST","{""query_parameters"": {""simulate"": ""true""}, ""headers"": {""Content-Type"": ""application/json"", ""Authorization"": ""Bearer test_api_key_123""}, ""body"": {""items"": [{""quantity"": 2, ""product_id"": ""prod_HOME01""}], ""payment"": {""method"": ""netbanking"", ""netbanking_id"": ""bank_id_PNB""}, ""customer_id"": ""cust_1700"", ""shipping_address"": {""city"": ""Guwahati"", ""line1"": ""GS Road, Bhangagarh"", ""state"": ""AS"", ""country"": ""IN"", ""postal_code"": ""781005""}}}","{""valid"": true, ""message"": ""Order simulation successful."", ""simulation"": true, ""total_amount"": 2200}","valid","valid_flow","Valid simulation order with netbanking."
"I need to make an order for cust_1800, just one item, COD please.","Create_Customer_Order","/v1/orders","POST","{""query_parameters"": {}, ""headers"": {""Content-Type"": ""application/json"", ""Authorization"": ""Bearer test_api_key_123""}, ""body"": {""items"": [{""quantity"": 1, ""product_id"": ""prod_OUTDR01""}], ""payment"": {""method"": ""cod""}, ""customer_id"": ""cust_1800"", ""shipping_address"": {""city"": ""Dehradun"", ""line1"": ""Rajpur Road"", ""state"": ""UK"", ""country"": ""IN"", ""postal_code"": ""248001""}}}","{""status"": ""created"", ""message"": ""Order created, awaiting cash on delivery."", ""currency"": ""INR"", ""order_id"": ""ord_20251201_0015"", ""total_amount"": 1500, ""estimated_delivery"": ""2025-12-08""}","valid","valid_flow","Valid COD order with casual query."
"Create order for cust_1900, single item, card payment, no line2, simulate=true.","Create_Customer_Order","/v1/orders","POST","{""query_parameters"": {""simulate"": ""true""}, ""headers"": {""Content-Type"": ""application/json"", ""Authorization"": ""Bearer test_api_key_123""}, ""body"": {""items"": [{""quantity"": 1, ""product_id"": ""prod_KIDS01""}], ""payment"": {""method"": ""card"", ""card_token"": ""tok_test_visa""}, ""customer_id"": ""cust_1900"", ""shipping_address"": {""city"": ""Mysuru"", ""line1"": ""Dewan's Road"", ""line2"": null, ""state"": ""KA"", ""country"": ""IN"", ""postal_code"": ""570001""}}}","{""valid"": true, ""message"": ""Order simulation successful."", ""simulation"": true, ""total_amount"": 700}","valid","valid_flow","Valid simulation order with card payment and null line2."
"Submit order for cust_2000, two items, UPI, with notes.","Create_Customer_Order","/v1/orders","POST","{""query_parameters"": {}, ""headers"": {""Content-Type"": ""application/json"", ""Authorization"": ""Bearer test_api_key_123""}, ""body"": {""items"": [{""quantity"": 1, ""product_id"": ""prod_GRDN01""}, {""quantity"": 1, ""product_id"": ""prod_GRDN02""}], ""payment"": {""method"": ""upi"", ""upi_id"": ""gardener@upi""}, ""customer_id"": ""cust_2000"", ""shipping_address"": {""city"": ""Coimbatore"", ""line1"": ""RS Puram"", ""state"": ""TN"", ""country"": ""IN"", ""postal_code"": ""641002""}, ""notes"": ""Handle with care, plants inside.""}}","{""status"": ""pending_payment"", ""message"": ""Order created. Awaiting UPI payment confirmation."", ""currency"": ""INR"", ""order_id"": ""ord_20251201_0016"", ""total_amount"": 1200, ""estimated_delivery"": ""2025-12-08""}","valid","valid_flow","Valid order with multiple items, UPI, and detailed notes."
"New order request for cust_2100, prod_BEAUTY01, quantity 3, netbanking.","Create_Customer_Order","/v1/orders","POST","{""query_parameters"": {}, ""headers"": {""Content-Type"": ""application/json"", ""Authorization"": ""Bearer test_api_key_123""}, ""body"": {""items"": [{""quantity"": 3, ""product_id"": ""prod_BEAUTY01""}], ""payment"": {""method"": ""netbanking"", ""netbanking_id"": ""bank_id_AXIS""}, ""customer_id"": ""cust_2100"", ""shipping_address"": {""city"": ""Visakhapatnam"", ""line1"": ""MVP Colony"", ""state"": ""AP"", ""country"": ""IN"", ""postal_code"": ""530017""}}}","{""status"": ""created"", ""message"": ""Order created and payment authorized."", ""currency"": ""INR"", ""order_id"": ""ord_20251201_0017"", ""total_amount"": 1800, ""estimated_delivery"": ""2025-12-07""}","valid","valid_flow","Valid order with three units of a product, netbanking."
"Create order for cust_2200, one item, COD, simulate=true.","Create_Customer_Order","/v1/orders","POST","{""query_parameters"": {""simulate"": ""true""}, ""headers"": {""Content-Type"": ""application/json"", ""Authorization"": ""Bearer test_api_key_123""}, ""body"": {""items"": [{""quantity"": 1, ""product_id"": ""prod_PHARMA01""}], ""payment"": {""method"": ""cod""}, ""customer_id"": ""cust_2200"", ""shipping_address"": {""city"": ""Amritsar"", ""line1"": ""Mall Road"", ""state"": ""PB"", ""country"": ""IN"", ""postal_code"": ""143001""}}}","{""valid"": true, ""message"": ""Order simulation successful."", ""simulation"": true, ""total_amount"": 400}","valid","valid_flow","Valid simulation order with COD payment."
"Place an order for cust_2300, multiple items, card payment.","Create_Customer_Order","/v1/orders","POST","{""query_parameters"": {}, ""headers"": {""Content-Type"": ""application/json"", ""Authorization"": ""Bearer test_api_key_123""}, ""body"": {""items"": [{""quantity"": 1, ""product_id"": ""prod_CLTH01""}, {""quantity"": 1, ""product_id"": ""prod_CLTH02""}, {""quantity"": 1, ""product_id"": ""prod_CLTH03""}], ""payment"": {""method"": ""card"", ""card_token"": ""tok_master_ok""}, ""customer_id"": ""cust_2300"", ""shipping_address"": {""city"": ""Varanasi"", ""line1"": ""Assi Ghat"", ""state"": ""UP"", ""country"": ""IN"", ""postal_code"": ""221005""}}}","{""items"": [{""price"": 800, ""quantity"": 1, ""product_id"": ""prod_CLTH01""}, {""price"": 1200, ""quantity"": 1, ""product_id"": ""prod_CLTH02""}, {""price"": 600, ""quantity"": 1, ""product_id"": ""prod_CLTH03""}], ""status"": ""created"", ""message"": ""Order created and payment authorized."", ""currency"": ""INR"", ""order_id"": ""ord_20251201_0018"", ""total_amount"": 2600, ""estimated_delivery"": ""2025-12-09""}","valid","valid_flow","Valid order with three distinct items and card payment."
"Order for cust_2400, two of prod_BAG01, UPI, line2 is present.","Create_Customer_Order","/v1/orders","POST","{""query_parameters"": {}, ""headers"": {""Content-Type"": ""application/json"", ""Authorization"": ""Bearer test_api_key_123""}, ""body"": {""items"": [{""quantity"": 2, ""product_id"": ""prod_BAG01""}], ""payment"": {""method"": ""upi"", ""upi_id"": ""baglover@upi""}, ""customer_id"": ""cust_2400"", ""shipping_address"": {""city"": ""Panaji"", ""line1"": ""10, Miramar Beach Rd"", ""line2"": ""Near Hotel"", ""state"": ""GA"", ""country"": ""IN"", ""postal_code"": ""403001""}}}","{""status"": ""pending_payment"", ""message"": ""Order created. Awaiting UPI payment confirmation."", ""currency"": ""INR"", ""order_id"": ""ord_20251201_0019"", ""total_amount"": 2000, ""estimated_delivery"": ""2025-12-07""}","valid","valid_flow","Valid order with UPI and line2 present in address."
"New order, cust_2500, prod_MUSIC01, qty 1, netbanking, simulate=true.","Create_Customer_Order","/v1/orders","POST","{""query_parameters"": {""simulate"": ""true""}, ""headers"": {""Content-Type"": ""application/json"", ""Authorization"": ""Bearer test_api_key_123""}, ""body"": {""items"": [{""quantity"": 1, ""product_id"": ""prod_MUSIC01""}], ""payment"": {""method"": ""netbanking"", ""netbanking_id"": ""bank_id_YES""}, ""customer_id"": ""cust_2500"", ""shipping_address"": {""city"": ""Thiruvananthapuram"", ""line1"": ""Kowdiar"", ""state"": ""KL"", ""country"": ""IN"", ""postal_code"": ""695003""}}}","{""valid"": true, ""message"": ""Order simulation successful."", ""simulation"": true, ""total_amount"": 1100}","valid","valid_flow","Valid simulation order with netbanking."
"Place order for cust_2600, two prod_FURN01, COD, specific notes.","Create_Customer_Order","/v1/orders","POST","{""query_parameters"": {}, ""headers"": {""Content-Type"": ""application/json"", ""Authorization"": ""Bearer test_api_key_123""}, ""body"": {""items"": [{""quantity"": 2, ""product_id"": ""prod_FURN01""}], ""payment"": {""method"": ""cod""}, ""customer_id"": ""cust_2600"", ""shipping_address"": {""city"": ""Jodhpur"", ""line1"": ""Pal Road"", ""state"": ""RJ"", ""country"": ""IN"", ""postal_code"": ""342008""}, ""notes"": ""Heavy item, two-person delivery required.""}}","{""status"": ""created"", ""message"": ""Order created, awaiting cash on delivery."", ""currency"": ""INR"", ""order_id"": ""ord_20251201_0020"", ""total_amount"": 8000, ""estimated_delivery"": ""2025-12-12""}","valid","valid_flow","Valid COD order for a heavy item with specific delivery notes."
"Create order for cust_2700, single prod_BOOK01, card payment.","Create_Customer_Order","/v1/orders","POST","{""query_parameters"": {}, ""headers"": {""Content-Type"": ""application/json"", ""Authorization"": ""Bearer test_api_key_123""}, ""body"": {""items"": [{""quantity"": 1, ""product_id"": ""prod_BOOK01""}], ""payment"": {""method"": ""card"", ""card_token"": ""tok_visa_success""}, ""customer_id"": ""cust_2700"", ""shipping_address"": {""city"": ""Agra"", ""line1"": ""Fatehabad Road"", ""state"": ""UP"", ""country"": ""IN"", ""postal_code"": ""282001""}}}","{""items"": [{""price"": 300, ""quantity"": 1, ""product_id"": ""prod_BOOK01""}], ""status"": ""created"", ""message"": ""Order created and payment authorized."", ""currency"": ""INR"", ""order_id"": ""ord_20251201_0021"", ""total_amount"": 300, ""estimated_delivery"": ""2025-12-06""}","valid","valid_flow","Valid order for a single book with card payment."
"Simulate an order for cust_2800, two prod_ELECTRONIC01, UPI, no line2.","Create_Customer_Order","/v1/orders","POST","{""query_parameters"": {""simulate"": ""true""}, ""headers"": {""Content-Type"": ""application/json"", ""Authorization"": ""Bearer test_api_key_123""}, ""body"": {""items"": [{""quantity"": 2, ""product_id"": ""prod_ELECTRONIC01""}], ""payment"": {""method"": ""upi"", ""upi_id"": ""techbuyer@okicici""}, ""customer_id"": ""cust_2800"", ""shipping_address"": {""city"": ""Gwalior"", ""line1"": ""Lashkar"", ""line2"": null, ""state"": ""MP"", ""country"": ""IN"", ""postal_code"": ""474001""}}}","{""valid"": true, ""message"": ""Order simulation successful."", ""simulation"": true, ""total_amount"": 6000}","valid","valid_flow","Valid simulation order with UPI and null line2."
"Place order for cust_2900, single prod_JEWEL01, netbanking, with notes.","Create_Customer_Order","/v1/orders","POST","{""query_parameters"": {}, ""headers"": {""Content-Type"": ""application/json"", ""Authorization"": ""Bearer test_api_key_123""}, ""body"": {""items"": [{""quantity"": 1, ""product_id"": ""prod_JEWEL01""}], ""payment"": {""method"": ""netbanking"", ""netbanking_id"": ""bank_id_FEDERAL""}, ""customer_id"": ""cust_2900"", ""shipping_address"": {""city"": ""Nashik"", ""line1"": ""Gangapur Road"", ""state"": ""MH"", ""country"": ""IN"", ""postal_code"": ""422013""}, ""notes"": ""High value item, please ensure secure delivery.""}}","{""status"": ""created"", ""message"": ""Order created and payment authorized."", ""currency"": ""INR"", ""order_id"": ""ord_20251201_0022"", ""total_amount"": 10000, ""estimated_delivery"": ""2025-12-06""}","valid","valid_flow","Valid order for a high-value item with netbanking and security notes."
"Create order for cust_3000, two prod_KITCHEN01, COD.","Create_Customer_Order","/v1/orders","POST","{""query_parameters"": {}, ""headers"": {""Content-Type"": ""application/json"", ""Authorization"": ""Bearer test_api_key_123""}, ""body"": {""items"": [{""quantity"": 2, ""product_id"": ""prod_KITCHEN01""}], ""payment"": {""method"": ""cod""}, ""customer_id"": ""cust_3000"", ""shipping_address"": {""city"": ""Jabalpur"", ""line1"": ""Civil Lines"", ""state"": ""MP"", ""country"": ""IN"", ""postal_code"": ""482001""}}}","{""status"": ""created"", ""message"": ""Order created, awaiting cash on delivery."", ""currency"": ""INR"", ""order_id"": ""ord_20251201_0023"", ""total_amount"": 1400, ""estimated_delivery"": ""2025-12-09""}","valid","valid_flow","Valid COD order for two units of a kitchen product."
"Simulate order for cust_3100, multiple items, card payment, detailed address.","Create_Customer_Order","/v1/orders","POST","{""query_parameters"": {""simulate"": ""true""}, ""headers"": {""Content-Type"": ""application/json"", ""Authorization"": ""Bearer test_api_key_123""}, ""body"": {""items"": [{""quantity"": 1, ""product_id"": ""prod_OFFICE01""}, {""quantity"": 2, ""product_id"": ""prod_OFFICE02""}], ""payment"": {""method"": ""card"", ""card_token"": ""tok_discover_test""}, ""customer_id"": ""cust_3100"", ""shipping_address"": {""city"": ""Kanpur"", ""line1"": ""The Mall Road"", ""line2"": ""Near Phool Bagh"", ""state"": ""UP"", ""country"": ""IN"", ""postal_code"": ""208001""}}}","{""valid"": true, ""message"": ""Order simulation successful."", ""simulation"": true, ""total_amount"": 3500}","valid","valid_flow","Valid simulation order with multiple items, card payment, and detailed address."
"Order for cust_3200, prod_HEALTH01, qty 1, UPI, simple address.","Create_Customer_Order","/v1/orders","POST","{""query_parameters"": {}, ""headers"": {""Content-Type"": ""application/json"", ""Authorization"": ""Bearer test_api_key_123""}, ""body"": {""items"": [{""quantity"": 1, ""product_id"": ""prod_HEALTH01""}], ""payment"": {""method"": ""upi"", ""upi_id"": ""healthylife@paytm""}, ""customer_id"": ""cust_3200"", ""shipping_address"": {""city"": ""Rourkela"", ""line1"": ""Civil Township"", ""state"": ""OD"", ""country"": ""IN"", ""postal_code"": ""769004""}}}","{""status"": ""pending_payment"", ""message"": ""Order created. Awaiting UPI payment confirmation."", ""currency"": ""INR"", ""order_id"": ""ord_20251201_0024"", ""total_amount"": 900, ""estimated_delivery"": ""2025-12-08""}","valid","valid_flow","Valid order with UPI and simple address (no line2)."
"New order for cust_3300, prod_TECH01, qty 1, netbanking, specific note.","Create_Customer_Order","/v1/orders","POST","{""query_parameters"": {}, ""headers"": {""Content-Type"": ""application/json"", ""Authorization"": ""Bearer test_api_key_123""}, ""body"": {""items"": [{""quantity"": 1, ""product_id"": ""prod_TECH01""}], ""payment"": {""method"": ""netbanking"", ""netbanking_id"": ""bank_id_CANARA""}, ""customer_id"": ""cust_3300"", ""shipping_address"": {""city"": ""Mangaluru"", ""line1"": ""Attavar"", ""state"": ""KA"", ""country"": ""IN"", ""postal_code"": ""575001""}, ""notes"": ""Deliver after 6 PM.""}}","{""status"": ""created"", ""message"": ""Order created and payment authorized."", ""currency"": ""INR"", ""order_id"": ""ord_20251201_0025"", ""total_amount"": 5000, ""estimated_delivery"": ""2025-12-07""}","valid","valid_flow","Valid order with netbanking and a specific delivery instruction note."
"Create order for cust_3400, single prod_GROCERY01, COD, simulate=true.","Create_Customer_Order","/v1/orders","POST","{""query_parameters"": {""simulate"": ""true""}, ""headers"": {""Content-Type"": ""application/json"", ""Authorization"": ""Bearer test_api_key_123""}, ""body"": {""items"": [{""quantity"": 1, ""product_id"": ""prod_GROCERY01""}], ""payment"": {""method"": ""cod""}, ""customer_id"": ""cust_3400"", ""shipping_address"": {""city"": ""Nellore"", ""line1"": ""Trunk Road"", ""state"": ""AP"", ""country"": ""IN"", ""postal_code"": ""524001""}}}","{""valid"": true, ""message"": ""Order simulation successful."", ""simulation"": true, ""total_amount"": 200}","valid","valid_flow","Valid simulation order with COD payment."
"Place order for cust_3500, two prod_HEALTHCARE01, card payment.","Create_Customer_Order","/v1/orders","POST","{""query_parameters"": {}, ""headers"": {""Content-Type"": ""application/json"", ""Authorization"": ""Bearer test_api_key_123""}, ""body"": {""items"": [{""quantity"": 2, ""product_id"": ""prod_HEALTHCARE01""}], ""payment"": {""method"": ""card"", ""card_token"": ""tok_visa_success""}, ""customer_id"": ""cust_3500"", ""shipping_address"": {""city"": ""Kochi"", ""line1"": ""Marine Drive"", ""state"": ""KL"", ""country"": ""IN"", ""postal_code"": ""682011""}}}","{""items"": [{""price"": 700, ""quantity"": 2, ""product_id"": ""prod_HEALTHCARE01""}], ""status"": ""created"", ""message"": ""Order created and payment authorized."", ""currency"": ""INR"", ""order_id"": ""ord_20251201_0026"", ""total_amount"": 1400, ""estimated_delivery"": ""2025-12-07""}","valid","valid_flow","Valid order with two units of a healthcare product and card payment."
"Order for cust_3600, multiple items, UPI, with line2.","Create_Customer_Order","/v1/orders","POST","{""query_parameters"": {}, ""headers"": {""Content-Type"": ""application/json"", ""Authorization"": ""Bearer test_api_key_123""}, ""body"": {""items"": [{""quantity"": 1, ""product_id"": ""prod_FASHION01""}, {""quantity"": 1, ""product_id"": ""prod_FASHION02""}], ""payment"": {""method"": ""upi"", ""upi_id"": ""fashionista@sbi""}, ""customer_id"": ""cust_3600"", ""shipping_address"": {""city"": ""Goa"", ""line1"": ""Candolim Beach Road"", ""line2"": ""Near Resort"", ""state"": ""GA"", ""country"": ""IN"", ""postal_code"": ""403515""}}}","{""status"": ""pending_payment"", ""message"": ""Order created. Awaiting UPI payment confirmation."", ""currency"": ""INR"", ""order_id"": ""ord_20251201_0027"", ""total_amount"": 2500, ""estimated_delivery"": ""2025-12-08""}","valid","valid_flow","Valid order with multiple fashion items, UPI, and line2 present."
"New order, cust_3700, prod_SPORTS01, qty 1, netbanking, simulate=true.","Create_Customer_Order","/v1/orders","POST","{""query_parameters"": {""simulate"": ""true""}, ""headers"": {""Content-Type"": ""application/json"", ""Authorization"": ""Bearer test_api_key_123""}, ""body"": {""items"": [{""quantity"": 1, ""product_id"": ""prod_SPORTS01""}], ""payment"": {""method"": ""netbanking"", ""netbanking_id"": ""bank_id_HDFC""}, ""customer_id"": ""cust_3700"", ""shipping_address"": {""city"": ""Bhubaneswar"", ""line1"": ""Patia"", ""state"": ""OD"", ""country"": ""IN"", ""postal_code"": ""751024""}}}","{""valid"": true, ""message"": ""Order simulation successful."", ""simulation"": true, ""total_amount"": 1800}","valid","valid_flow","Valid simulation order with netbanking."
"Create order for cust_3800, single prod_AUTO01, COD, no line2.","Create_Customer_Order","/v1/orders","POST","{""query_parameters"": {}, ""headers"": {""Content-Type"": ""application/json"", ""Authorization"": ""Bearer test_api_key_123""}, ""body"": {""items"": [{""quantity"": 1, ""product_id"": ""prod_AUTO01""}], ""payment"": {""method"": ""cod""}, ""customer_id"": ""cust_3800"", ""shipping_address"": {""city"": ""Coimbatore"", ""line1"": ""Gandhipuram"", ""line2"": null, ""state"": ""TN"", ""country"": ""IN"", ""postal_code"": ""641012""}}}","{""status"": ""created"", ""message"": ""Order created, awaiting cash on delivery."", ""currency"": ""INR"", ""order_id"": ""ord_20251201_0028"", ""total_amount"": 3000, ""estimated_delivery"": ""2025-12-09""}","valid","valid_flow","Valid COD order for an auto product with null line2."
"Place order for cust_3900, two prod_TRAVEL01, card payment, with note.","Create_Customer_Order","/v1/orders","POST","{""query_parameters"": {}, ""headers"": {""Content-Type"": ""application/json"", ""Authorization"": ""Bearer test_api_key_123""}, ""body"": {""items"": [{""quantity"": 2, ""product_id"": ""prod_TRAVEL01""}], ""payment"": {""method"": ""card"", ""card_token"": ""tok_visa_success""}, ""customer_id"": ""cust_3900"", ""shipping_address"": {""city"": ""Jaipur"", ""line1"": ""C-Scheme"", ""state"": ""RJ"", ""country"": ""IN"", ""postal_code"": ""302001""}, ""notes"": ""For upcoming trip.""}}","{""items"": [{""price"": 1500, ""quantity"": 2, ""product_id"": ""prod_TRAVEL01""}], ""status"": ""created"", ""message"": ""Order created and payment authorized."", ""currency"": ""INR"", ""order_id"": ""ord_20251201_0029"", ""total_amount"": 3000, ""estimated_delivery"": ""2025-12-07""}","valid","valid_flow","Valid order for travel products with card payment and a note."
"Simulate order for cust_4000, single prod_GAMING01, UPI, simple address.","Create_Customer_Order","/v1/orders","POST","{""query_parameters"": {""simulate"": ""true""}, ""headers"": {""Content-Type"": ""application/json"", ""Authorization"": ""Bearer test_api_key_123""}, ""body"": {""items"": [{""quantity"": 1, ""product_id"": ""prod_GAMING01""}], ""payment"": {""method"": ""upi"", ""upi_id"": ""gamer@gpay""}, ""customer_id"": ""cust_4000"", ""shipping_address"": {""city"": ""Hyderabad"", ""line1"": ""Kondapur"", ""state"": ""TS"", ""country"": ""IN"", ""postal_code"": ""500084""}}}","{""valid"": true, ""message"": ""Order simulation successful."", ""simulation"": true, ""total_amount"": 4500}","valid","valid_flow","Valid simulation order with UPI and simple address."
"New order for cust_4100, prod_BABY01, qty 3, netbanking, no line2.","Create_Customer_Order","/v1/orders","POST","{""query_parameters"": {}, ""headers"": {""Content-Type"": ""application/json"", ""Authorization"": ""Bearer test_api_key_123""}, ""body"": {""items"": [{""quantity"": 3, ""product_id"": ""prod_BABY01""}], ""payment"": {""method"": ""netbanking"", ""netbanking_id"": ""bank_id_SBI""}, ""customer_id"": ""cust_4100"", ""shipping_address"": {""city"": ""Bengaluru"", ""line1"": ""Sarjapur Road"", ""line2"": null, ""state"": ""KA"", ""country"": ""IN"", ""postal_code"": ""560102""}}}","{""status"": ""created"", ""message"": ""Order created and payment authorized."", ""currency"": ""INR"", ""order_id"": ""ord_20251201_0030"", ""total_amount"": 900, ""estimated_delivery"": ""2025-12-07""}","valid","valid_flow","Valid order for baby products with netbanking and null line2."
"Create order for cust_4200, prod_GROCERY02, qty 5, COD, simulate=true.","Create_Customer_Order","/v1/orders","POST","{""query_parameters"": {""simulate"": ""true""}, ""headers"": {""Content-Type"": ""application/json"", ""Authorization"": ""Bearer test_api_key_123""}, ""body"": {""items"": [{""quantity"": 5, ""product_id"": ""prod_GROCERY02""}], ""payment"": {""method"": ""cod""}, ""customer_id"": ""cust_4200"", ""shipping_address"": {""city"": ""Mumbai"", ""line1"": ""Andheri West"", ""state"": ""MH"", ""country"": ""IN"", ""postal_code"": ""400053""}}}","{""valid"": true, ""message"": ""Order simulation successful."", ""simulation"": true, ""total_amount"": 750}","valid","valid_flow","Valid simulation order for groceries with COD."
"Place order for cust_4300, multiple items, card payment, detailed address.","Create_Customer_Order","/v1/orders","POST","{""query_parameters"": {}, ""headers"": {""Content-Type"": ""application/json"", ""Authorization"": ""Bearer test_api_key_123""}, ""body"": {""items"": [{""quantity"": 1, ""product_id"": ""prod_ELECTRONIC02""}, {""quantity"": 1, ""product_id"": ""prod_ELECTRONIC03""}], ""payment"": {""method"": ""card"", ""card_token"": ""tok_test_4242""}, ""customer_id"": ""cust_4300"", ""shipping_address"": {""city"": ""Chennai"", ""line1"": ""OMR Road"", ""line2"": ""Near Sholinganallur"", ""state"": ""TN"", ""country"": ""IN"", ""postal_code"": ""600119""}}}","{""items"": [{""price"": 8000, ""quantity"": 1, ""product_id"": ""prod_ELECTRONIC02""}, {""price"": 12000, ""quantity"": 1, ""product_id"": ""prod_ELECTRONIC03""}], ""status"": ""created"", ""message"": ""Order created and payment authorized."", ""currency"": ""INR"", ""order_id"": ""ord_20251201_0031"", ""total_amount"": 20000, ""estimated_delivery"": ""2025-12-08""}","valid","valid_flow","Valid order for electronics with card payment and detailed address."
"Order for cust_4400, prod_FURNITURE02, qty 1, UPI, no line2.","Create_Customer_Order","/v1/orders","POST","{""query_parameters"": {}, ""headers"": {""Content-Type"": ""application/json"", ""Authorization"": ""Bearer test_api_key_123""}, ""body"": {""items"": [{""quantity"": 1, ""product_id"": ""prod_FURNITURE02""}], ""payment"": {""method"": ""upi"", ""upi_id"": ""homeowner@upi""}, ""customer_id"": ""cust_4400"", ""shipping_address"": {""city"": ""Pune"", ""line1"": ""Hinjewadi Phase 1"", ""line2"": null, ""state"": ""MH"", ""country"": ""IN"", ""postal_code"": ""411057""}}}","{""status"": ""pending_payment"", ""message"": ""Order created. Awaiting UPI payment confirmation."", ""currency"": ""INR"", ""order_id"": ""ord_20251201_0032"", ""total_amount"": 6000, ""estimated_delivery"": ""2025-12-09""}","valid","valid_flow","Valid order for furniture with UPI and null line2."
"New order, cust_4500, prod_KITCHEN02, qty 2, netbanking, simulate=true.","Create_Customer_Order","/v1/orders","POST","{""query_parameters"": {""simulate"": ""true""}, ""headers"": {""Content-Type"": ""application/json"", ""Authorization"": ""Bearer test_api_key_123""}, ""body"": {""items"": [{""quantity"": 2, ""product_id"": ""prod_KITCHEN02""}], ""payment"": {""method"": ""netbanking"", ""netbanking_id"": ""bank_id_ICICI""}, ""customer_id"": ""cust_4500"", ""shipping_address"": {""city"": ""Ahmedabad"", ""line1"": ""Vastrapur"", ""state"": ""GJ"", ""country"": ""IN"", ""postal_code"": ""380054""}}}","{""valid"": true, ""message"": ""Order simulation successful."", ""simulation"": true, ""total_amount"": 2400}","valid","valid_flow","Valid simulation order for kitchen items with netbanking."
"Create order for cust_4600, single prod_BEAUTY02, COD, with notes.","Create_Customer_Order","/v1/orders","POST","{""query_parameters"": {}, ""headers"": {""Content-Type"": ""application/json"", ""Authorization"": ""Bearer test_api_key_123""}, ""body"": {""items"": [{""quantity"": 1, ""product_id"": ""prod_BEAUTY02""}], ""payment"": {""method"": ""cod""}, ""customer_id"": ""cust_4600"", ""shipping_address"": {""city"": ""Kolkata"", ""line1"": ""Salt Lake City"", ""state"": ""WB"", ""country"": ""IN"", ""postal_code"": ""700091""}, ""notes"": ""Fragile beauty product.""}}","{""status"": ""created"", ""message"": ""Order created, awaiting cash on delivery."", ""currency"": ""INR"", ""order_id"": ""ord_20251201_0033"", ""total_amount"": 750, ""estimated_delivery"": ""2025-12-09""}","valid","valid_flow","Valid COD order for a beauty product with a note."
"Place order for cust_4700, multiple prod_OFFICE03, card payment.","Create_Customer_Order","/v1/orders","POST","{""query_parameters"": {}, ""headers"": {""Content-Type"": ""application/json"", ""Authorization"": ""Bearer test_api_key_123""}, ""body"": {""items"": [{""quantity"": 3, ""product_id"": ""prod_OFFICE03""}], ""payment"": {""method"": ""card"", ""card_token"": ""tok_master_success""}, ""customer_id"": ""cust_4700"", ""shipping_address"": {""city"": ""Delhi"", ""line1"": ""Connaught Place"", ""state"": ""DL"", ""country"": ""IN"", ""postal_code"": ""110001""}}}","{""items"": [{""price"": 200, ""quantity"": 3, ""product_id"": ""prod_OFFICE03""}], ""status"": ""created"", ""message"": ""Order created and payment authorized."", ""currency"": ""INR"", ""order_id"": ""ord_20251201_0034"", ""total_amount"": 600, ""estimated_delivery"": ""2025-12-07""}","valid","valid_flow","Valid order for multiple office supplies with card payment."
"Order for cust_4800, prod_PET02, qty 1, UPI, simulate=true.","Create_Customer_Order","/v1/orders","POST","{""query_parameters"": {""simulate"": ""true""}, ""headers"": {""Content-Type"": ""application/json"", ""Authorization"": ""Bearer test_api_key_123""}, ""body"": {""items"": [{""quantity"": 1, ""product_id"": ""prod_PET02""}], ""payment"": {""method"": ""upi"", ""upi_id"": ""petlover@okaxis""}, ""customer_id"": ""cust_4800"", ""shipping_address"": {""city"": ""Lucknow"", ""line1"": ""Gomti Nagar"", ""state"": ""UP"", ""country"": ""IN"", ""postal_code"": ""226010""}}}","{""valid"": true, ""message"": ""Order simulation successful."", ""simulation"": true, ""total_amount"": 500}","valid","valid_flow","Valid simulation order for a pet product with UPI."
"Create order for customer cust_001 with card payment for two products.","Create_Customer_Order","/v1/orders","POST","{""url"": ""https://api.example-shop.com/v1/orders"", ""body"": {""customer_id"": ""cust_001"", ""items"": [{""product_id"": ""prod_X1"", ""quantity"": 1}, {""product_id"": ""prod_Y2"", ""quantity"": 2}], ""shipping_address"": {""line1"": ""101 Main St"", ""city"": ""Springfield"", ""state"": ""IL"", ""postal_code"": ""62701"", ""country"": ""US""}, ""payment"": {""method"": ""card"", ""card_token"": ""tok_valid_card_123""}}, ""method"": ""POST"", ""headers"": {""Content-Type"": ""application/json"", ""Authorization"": ""Bearer test_api_key_123""}, ""query_parameters"": {}}","{""status"": ""created"", ""order_id"": ""ord_20240101_0001"", ""total_amount"": 12500, ""currency"": ""USD"", ""estimated_delivery"": ""2024-01-08"", ""message"": ""Order created and payment authorized."", ""items"": [{""product_id"": ""prod_X1"", ""quantity"": 1, ""price"": 5000}, {""product_id"": ""prod_Y2"", ""quantity"": 2, ""price"": 3750}]}","valid","valid_flow","Standard valid order creation with card payment."
"Place a new booking for cust_002 using UPI, shipping to Bengaluru.","Create_Customer_Order","/v1/orders","POST","{""url"": ""https://api.example-shop.com/v1/orders"", ""body"": {""customer_id"": ""cust_002"", ""items"": [{""product_id"": ""prod_A10"", ""quantity"": 3}], ""shipping_address"": {""line1"": ""45 Residency Road"", ""city"": ""Bengaluru"", ""state"": ""KA"", ""postal_code"": ""560025"", ""country"": ""IN""}, ""payment"": {""method"": ""upi"", ""upi_id"": ""cust002@upi""}}, ""method"": ""POST"", ""headers"": {""Content-Type"": ""application/json"", ""Authorization"": ""Bearer test_api_key_123""}, ""query_parameters"": {}}","{""status"": ""pending_payment"", ""order_id"": ""ord_20240101_0002"", ""total_amount"": 7500, ""currency"": ""INR"", ""estimated_delivery"": ""2024-01-10"", ""message"": ""Order created. Awaiting UPI payment confirmation."", ""items"": [{""product_id"": ""prod_A10"", ""quantity"": 3, ""price"": 2500}]}","valid","valid_flow","Valid order with UPI payment, expecting pending status."
"I want to buy product ABC, quantity 1, pay with netbanking. Simulate this transaction.","Create_Customer_Order","/v1/orders","POST","{""url"": ""https://api.example-shop.com/v1/orders"", ""body"": {""customer_id"": ""cust_003"", ""items"": [{""product_id"": ""prod_ABC"", ""quantity"": 1}], ""shipping_address"": {""line1"": ""789 Tech Park"", ""city"": ""Hyderabad"", ""state"": ""TS"", ""postal_code"": ""500081"", ""country"": ""IN""}, ""payment"": {""method"": ""netbanking"", ""netbanking_id"": ""bank_id_HDFC_003""}}, ""method"": ""POST"", ""headers"": {""Content-Type"": ""application/json"", ""Authorization"": ""Bearer test_api_key_123""}, ""query_parameters"": {""simulate"": ""true""}}","{""valid"": true, ""message"": ""Order simulation successful. No actual order created."", ""simulation"": true, ""total_amount"": 1500, ""currency"": ""INR"", ""items"": [{""product_id"": ""prod_ABC"", ""quantity"": 1, ""price"": 1500}]}","valid","valid_flow","Valid order simulation with netbanking payment."
"creaet ordr for cust_004, cash on delivery.","Create_Customer_Order","/v1/orders","POST","{""url"": ""https://api.example-shop.com/v1/orders"", ""body"": {""customer_id"": ""cust_004"", ""items"": [{""product_id"": ""prod_COD01"", ""quantity"": 1}], ""shipping_address"": {""line1"": ""Shop 5, Market Road"", ""city"": ""Mumbai"", ""state"": ""MH"", ""postal_code"": ""400001"", ""country"": ""IN""}, ""payment"": {""method"": ""cod""}}, ""method"": ""POST"", ""headers"": {""Content-Type"": ""application/json"", ""Authorization"": ""Bearer test_api_key_123""}, ""query_parameters"": {}}","{""status"": ""created"", ""order_id"": ""ord_20240101_0003"", ""total_amount"": 999, ""currency"": ""INR"", ""estimated_delivery"": ""2024-01-05"", ""message"": ""Order created. Payment due on delivery."", ""items"": [{""product_id"": ""prod_COD01"", ""quantity"": 1, ""price"": 999}]}","valid","typo","Valid order with COD payment, query has a typo."
"New order, customer: cust_005, 2x prod_Z9, ship to 123 Elm St, no notes.","Create_Customer_Order","/v1/orders","POST","{""url"": ""https://api.example-shop.com/v1/orders"", ""body"": {""customer_id"": ""cust_005"", ""items"": [{""product_id"": ""prod_Z9"", ""quantity"": 2}], ""shipping_address"": {""line1"": ""123 Elm St"", ""city"": ""Anytown"", ""state"": ""CA"", ""postal_code"": ""90210"", ""country"": ""US""}, ""payment"": {""method"": ""card"", ""card_token"": ""tok_test_5555""}, ""notes"": null}, ""method"": ""POST"", ""headers"": {""Content-Type"": ""application/json"", ""Authorization"": ""Bearer test_api_key_123""}, ""query_parameters"": {}}","{""status"": ""created"", ""order_id"": ""ord_20240101_0004"", ""total_amount"": 4000, ""currency"": ""USD"", ""estimated_delivery"": ""2024-01-07"", ""message"": ""Order created and payment authorized."", ""items"": [{""product_id"": ""prod_Z9"", ""quantity"": 2, ""price"": 2000}]}","valid","paraphrase","Valid order with card payment, no notes specified."
"Order for cust_006, one item, simulate true.","Create_Customer_Order","/v1/orders","POST","{""url"": ""https://api.example-shop.com/v1/orders"", ""body"": {""customer_id"": ""cust_006"", ""items"": [{""product_id"": ""prod_SIM"", ""quantity"": 1}], ""shipping_address"": {""line1"": ""1 Simulation Blvd"", ""city"": ""Testville"", ""state"": ""TX"", ""postal_code"": ""77001"", ""country"": ""US""}, ""payment"": {""method"": ""card"", ""card_token"": ""tok_sim_card_006""}}, ""method"": ""POST"", ""headers"": {""Content-Type"": ""application/json"", ""Authorization"": ""Bearer test_api_key_123""}, ""query_parameters"": {""simulate"": ""true""}}","{""valid"": true, ""message"": ""Order simulation successful. No actual order created."", ""simulation"": true, ""total_amount"": 500, ""currency"": ""USD"", ""items"": [{""product_id"": ""prod_SIM"", ""quantity"": 1, ""price"": 500}]}","valid","valid_flow","Valid order with simulate parameter set to true."
"Process a new order for cust_007, two distinct items, COD.","Create_Customer_Order","/v1/orders","POST","{""url"": ""https://api.example-shop.com/v1/orders"", ""body"": {""customer_id"": ""cust_007"", ""items"": [{""product_id"": ""prod_ITEM1"", ""quantity"": 1}, {""product_id"": ""prod_ITEM2"", ""quantity"": 1}], ""shipping_address"": {""line1"": ""300 Commerce St"", ""city"": ""Dallas"", ""state"": ""TX"", ""postal_code"": ""75201"", ""country"": ""US""}, ""payment"": {""method"": ""cod""}}, ""method"": ""POST"", ""headers"": {""Content-Type"": ""application/json"", ""Authorization"": ""Bearer test_api_key_123""}, ""query_parameters"": {}}","{""status"": ""created"", ""order_id"": ""ord_20240101_0005"", ""total_amount"": 3500, ""currency"": ""USD"", ""estimated_delivery"": ""2024-01-09"", ""message"": ""Order created. Payment due on delivery."", ""items"": [{""product_id"": ""prod_ITEM1"", ""quantity"": 1, ""price"": 1500}, {""product_id"": ""prod_ITEM2"", ""quantity"": 1, ""price"": 2000}]}","valid","valid_flow","Valid order with multiple items and COD payment."
"Hey, add an order for cust_008 with a single widget and card payment.","Create_Customer_Order","/v1/orders","POST","{""url"": ""https://api.example-shop.com/v1/orders"", ""body"": {""customer_id"": ""cust_008"", ""items"": [{""product_id"": ""prod_WIDGET"", ""quantity"": 1}], ""shipping_address"": {""line1"": ""10 Downing St"", ""city"": ""London"", ""state"": ""ENG"", ""postal_code"": ""SW1A 2AA"", ""country"": ""GB""}, ""payment"": {""method"": ""card"", ""card_token"": ""tok_gbp_card_008""}}, ""method"": ""POST"", ""headers"": {""Content-Type"": ""application/json"", ""Authorization"": ""Bearer test_api_key_123""}, ""query_parameters"": {}}","{""status"": ""created"", ""order_id"": ""ord_20240101_0006"", ""total_amount"": 2500, ""currency"": ""GBP"", ""estimated_delivery"": ""2024-01-12"", ""message"": ""Order created and payment authorized."", ""items"": [{""product_id"": ""prod_WIDGET"", ""quantity"": 1, ""price"": 2500}]}","valid","valid_flow","Valid order with casual query style, international address."
"New purchase for cust_009, two items, UPI payment, simulate true.","Create_Customer_Order","/v1/orders","POST","{""url"": ""https://api.example-shop.com/v1/orders"", ""body"": {""customer_id"": ""cust_009"", ""items"": [{""product_id"": ""prod_ELEC1"", ""quantity"": 1}, {""product_id"": ""prod_ELEC2"", ""quantity"": 1}], ""shipping_address"": {""line1"": ""15 Electronic City"", ""city"": ""Bengaluru"", ""state"": ""KA"", ""postal_code"": ""560100"", ""country"": ""IN""}, ""payment"": {""method"": ""upi"", ""upi_id"": ""cust009@bank""}}, ""method"": ""POST"", ""headers"": {""Content-Type"": ""application/json"", ""Authorization"": ""Bearer test_api_key_123""}, ""query_parameters"": {""simulate"": ""true""}}","{""valid"": true, ""message"": ""Order simulation successful. No actual order created."", ""simulation"": true, ""total_amount"": 8000, ""currency"": ""INR"", ""items"": [{""product_id"": ""prod_ELEC1"", ""quantity"": 1, ""price"": 3000}, {""product_id"": ""prod_ELEC2"", ""quantity"": 1, ""price"": 5000}]}","valid","valid_flow","Valid order simulation with multiple items and UPI payment."
"Process order cust_010, single item, netbanking, with a special note.","Create_Customer_Order","/v1/orders","POST","{""url"": ""https://api.example-shop.com/v1/orders"", ""body"": {""customer_id"": ""cust_010"", ""items"": [{""product_id"": ""prod_UNIQUE"", ""quantity"": 1}], ""shipping_address"": {""line1"": ""888 Innovation Way"", ""city"": ""Pune"", ""state"": ""MH"", ""postal_code"": ""411001"", ""country"": ""IN""}, ""payment"": {""method"": ""netbanking"", ""netbanking_id"": ""bank_id_AXIS_010""}, ""notes"": ""Please deliver after 5 PM.""}, ""method"": ""POST"", ""headers"": {""Content-Type"": ""application/json"", ""Authorization"": ""Bearer test_api_key_123""}, ""query_parameters"": {}}","{""status"": ""created"", ""order_id"": ""ord_20240101_0007"", ""total_amount"": 4500, ""currency"": ""INR"", ""estimated_delivery"": ""2024-01-09"", ""message"": ""Order created and payment authorized."", ""items"": [{""product_id"": ""prod_UNIQUE"", ""quantity"": 1, ""price"": 4500}]}","valid","valid_flow","Valid order with a custom delivery note."
"Order for cust_011, single book, card payment, shipping to Canada.","Create_Customer_Order","/v1/orders","POST","{""url"": ""https://api.example-shop.com/v1/orders"", ""body"": {""customer_id"": ""cust_011"", ""items"": [{""product_id"": ""prod_BOOK"", ""quantity"": 1}], ""shipping_address"": {""line1"": ""200 University Ave"", ""city"": ""Toronto"", ""state"": ""ON"", ""postal_code"": ""M5H 3C6"", ""country"": ""CA""}, ""payment"": {""method"": ""card"", ""card_token"": ""tok_cad_card_011""}}, ""method"": ""POST"", ""headers"": {""Content-Type"": ""application/json"", ""Authorization"": ""Bearer test_api_key_123""}, ""query_parameters"": {}}","{""status"": ""created"", ""order_id"": ""ord_20240101_0008"", ""total_amount"": 30, ""currency"": ""CAD"", ""estimated_delivery"": ""2024-01-15"", ""message"": ""Order created and payment authorized."", ""items"": [{""product_id"": ""prod_BOOK"", ""quantity"": 1, ""price"": 30}]}","valid","valid_flow","Valid international order to Canada."
"Create subscription order for cust_012, 1x monthly service, COD.","Create_Customer_Order","/v1/orders","POST","{""url"": ""https://api.example-shop.com/v1/orders"", ""body"": {""customer_id"": ""cust_012"", ""items"": [{""product_id"": ""prod_SUBSCRIPTION_PLAN"", ""quantity"": 1}], ""shipping_address"": {""line1"": ""P.O. Box 123"", ""city"": ""Rural Town"", ""state"": ""GA"", ""postal_code"": ""30303"", ""country"": ""US""}, ""payment"": {""method"": ""cod""}}, ""method"": ""POST"", ""headers"": {""Content-Type"": ""application/json"", ""Authorization"": ""Bearer test_api_key_123""}, ""query_parameters"": {}}","{""status"": ""created"", ""order_id"": ""ord_20240101_0009"", ""total_amount"": 1999, ""currency"": ""USD"", ""estimated_delivery"": ""2024-01-10"", ""message"": ""Order created. Payment due on delivery."", ""items"": [{""product_id"": ""prod_SUBSCRIPTION_PLAN"", ""quantity"": 1, ""price"": 1999}]}","valid","valid_flow","Valid order for a subscription product with COD."
"Order for cust_013, 3 different items, card payment, no line2.","Create_Customer_Order","/v1/orders","POST","{""url"": ""https://api.example-shop.com/v1/orders"", ""body"": {""customer_id"": ""cust_013"", ""items"": [{""product_id"": ""prod_ITEM_A"", ""quantity"": 1}, {""product_id"": ""prod_ITEM_B"", ""quantity"": 1}, {""product_id"": ""prod_ITEM_C"", ""quantity"": 1}], ""shipping_address"": {""line1"": ""100 Broadway"", ""city"": ""New York"", ""state"": ""NY"", ""postal_code"": ""10005"", ""country"": ""US""}, ""payment"": {""method"": ""card"", ""card_token"": ""tok_ny_card_013""}}, ""method"": ""POST"", ""headers"": {""Content-Type"": ""application/json"", ""Authorization"": ""Bearer test_api_key_123""}, ""query_parameters"": {}}","{""status"": ""created"", ""order_id"": ""ord_20240101_0010"", ""total_amount"": 7500, ""currency"": ""USD"", ""estimated_delivery"": ""2024-01-08"", ""message"": ""Order created and payment authorized."", ""items"": [{""product_id"": ""prod_ITEM_A"", ""quantity"": 1, ""price"": 1500}, {""product_id"": ""prod_ITEM_B"", ""quantity"": 1, ""price"": 2500}, {""product_id"": ""prod_ITEM_C"", ""quantity"": 1, ""price"": 3500}]}","valid","valid_flow","Valid order with three items and no line2 in address."
"Purchase for cust_014, one product, UPI payment, deliver to Sydney.","Create_Customer_Order","/v1/orders","POST","{""url"": ""https://api.example-shop.com/v1/orders"", ""body"": {""customer_id"": ""cust_014"", ""items"": [{""product_id"": ""prod_AUS"", ""quantity"": 1}], ""shipping_address"": {""line1"": ""1 George St"", ""city"": ""Sydney"", ""state"": ""NSW"", ""postal_code"": ""2000"", ""country"": ""AU""}, ""payment"": {""method"": ""upi"", ""upi_id"": ""cust014@australiabank""}}, ""method"": ""POST"", ""headers"": {""Content-Type"": ""application/json"", ""Authorization"": ""Bearer test_api_key_123""}, ""query_parameters"": {}}","{""status"": ""pending_payment"", ""order_id"": ""ord_20240101_0011"", ""total_amount"": 80, ""currency"": ""AUD"", ""estimated_delivery"": ""2024-01-18"", ""message"": ""Order created. Awaiting UPI payment confirmation."", ""items"": [{""product_id"": ""prod_AUS"", ""quantity"": 1, ""price"": 80}]}","valid","valid_flow","Valid international order to Australia with UPI."
"New order for cust_015, single item, netbanking, simulate true.","Create_Customer_Order","/v1/orders","POST","{""url"": ""https://api.example-shop.com/v1/orders"", ""body"": {""customer_id"": ""cust_015"", ""items"": [{""product_id"": ""prod_TEST"", ""quantity"": 1}], ""shipping_address"": {""line1"": ""42 Test Lane"", ""city"": ""Simulation City"", ""state"": ""GA"", ""postal_code"": ""30303"", ""country"": ""US""}, ""payment"": {""method"": ""netbanking"", ""netbanking_id"": ""testbank_015""}}, ""method"": ""POST"", ""headers"": {""Content-Type"": ""application/json"", ""Authorization"": ""Bearer test_api_key_123""}, ""query_parameters"": {""simulate"": ""true""}}","{""valid"": true, ""message"": ""Order simulation successful. No actual order created."", ""simulation"": true, ""total_amount"": 100, ""currency"": ""USD"", ""items"": [{""product_id"": ""prod_TEST"", ""quantity"": 1, ""price"": 100}]}","valid","valid_flow","Valid simulation with netbanking."
"Order for cust_016, 2x product_A, COD, with line2 address.","Create_Customer_Order","/v1/orders","POST","{""url"": ""https://api.example-shop.com/v1/orders"", ""body"": {""customer_id"": ""cust_016"", ""items"": [{""product_id"": ""product_A"", ""quantity"": 2}], ""shipping_address"": {""line1"": ""Unit 2B"", ""line2"": ""The Apartment Complex"", ""city"": ""Chennai"", ""state"": ""TN"", ""postal_code"": ""600001"", ""country"": ""IN""}, ""payment"": {""method"": ""cod""}}, ""method"": ""POST"", ""headers"": {""Content-Type"": ""application/json"", ""Authorization"": ""Bearer test_api_key_123""}, ""query_parameters"": {}}","{""status"": ""created"", ""order_id"": ""ord_20240101_0012"", ""total_amount"": 3000, ""currency"": ""INR"", ""estimated_delivery"": ""2024-01-07"", ""message"": ""Order created. Payment due on delivery."", ""items"": [{""product_id"": ""product_A"", ""quantity"": 2, ""price"": 1500}]}","valid","valid_flow","Valid order with COD and a populated line2 address field."
"Order 017, one item, card payment, deliver to Germany.","Create_Customer_Order","/v1/orders","POST","{""url"": ""https://api.example-shop.com/v1/orders"", ""body"": {""customer_id"": ""cust_017"", ""items"": [{""product_id"": ""prod_EURO"", ""quantity"": 1}], ""shipping_address"": {""line1"": ""Kurf\u00fcrstendamm 1"", ""city"": ""Berlin"", ""state"": ""BE"", ""postal_code"": ""10707"", ""country"": ""DE""}, ""payment"": {""method"": ""card"", ""card_token"": ""tok_eur_card_017""}}, ""method"": ""POST"", ""headers"": {""Content-Type"": ""application/json"", ""Authorization"": ""Bearer test_api_key_123""}, ""query_parameters"": {}}","{""status"": ""created"", ""order_id"": ""ord_20240101_0013"", ""total_amount"": 50, ""currency"": ""EUR"", ""estimated_delivery"": ""2024-01-14"", ""message"": ""Order created and payment authorized."", ""items"": [{""product_id"": ""prod_EURO"", ""quantity"": 1, ""price"": 50}]}","valid","valid_flow","Valid international order to Germany."
"New order for cust_018, product_B x 5, netbanking, simulate mode.","Create_Customer_Order","/v1/orders","POST","{""url"": ""https://api.example-shop.com/v1/orders"", ""body"": {""customer_id"": ""cust_018"", ""items"": [{""product_id"": ""prod_B"", ""quantity"": 5}], ""shipping_address"": {""line1"": ""700 Tech Hub"", ""city"": ""Hyderabad"", ""state"": ""TS"", ""postal_code"": ""500081"", ""country"": ""IN""}, ""payment"": {""method"": ""netbanking"", ""netbanking_id"": ""bank_id_SBI_018""}}, ""method"": ""POST"", ""headers"": {""Content-Type"": ""application/json"", ""Authorization"": ""Bearer test_api_key_123""}, ""query_parameters"": {""simulate"": ""true""}}","{""valid"": true, ""message"": ""Order simulation successful. No actual order created."", ""simulation"": true, ""total_amount"": 7500, ""currency"": ""INR"", ""items"": [{""product_id"": ""prod_B"", ""quantity"": 5, ""price"": 1500}]}","valid","valid_flow","Valid simulation for multiple quantities of a single product."
"Create an order for cust_019, one item, UPI, with a long note.","Create_Customer_Order","/v1/orders","POST","{""url"": ""https://api.example-shop.com/v1/orders"", ""body"": {""customer_id"": ""cust_019"", ""items"": [{""product_id"": ""prod_NOTE"", ""quantity"": 1}], ""shipping_address"": {""line1"": ""123 Main Street"", ""city"": ""Smallville"", ""state"": ""KS"", ""postal_code"": ""66002"", ""country"": ""US""}, ""payment"": {""method"": ""upi"", ""upi_id"": ""cust019@pay""}, ""notes"": ""This is a very important note for the delivery driver. Please call the customer at 555-1234 before attempting delivery. Do not leave the package unattended.""}, ""method"": ""POST"", ""headers"": {""Content-Type"": ""application/json"", ""Authorization"": ""Bearer test_api_key_123""}, ""query_parameters"": {}}","{""status"": ""pending_payment"", ""order_id"": ""ord_20240101_0014"", ""total_amount"": 1200, ""currency"": ""USD"", ""estimated_delivery"": ""2024-01-10"", ""message"": ""Order created. Awaiting UPI payment confirmation."", ""items"": [{""product_id"": ""prod_NOTE"", ""quantity"": 1, ""price"": 1200}]}","valid","valid_flow","Valid order with a relatively long note."
"Order for cust_020, 1x prod_X, COD, deliver to France.","Create_Customer_Order","/v1/orders","POST","{""url"": ""https://api.example-shop.com/v1/orders"", ""body"": {""customer_id"": ""cust_020"", ""items"": [{""product_id"": ""prod_X"", ""quantity"": 1}], ""shipping_address"": {""line1"": ""2 Rue de la Paix"", ""city"": ""Paris"", ""state"": ""IDF"", ""postal_code"": ""75002"", ""country"": ""FR""}, ""payment"": {""method"": ""cod""}}, ""method"": ""POST"", ""headers"": {""Content-Type"": ""application/json"", ""Authorization"": ""Bearer test_api_key_123""}, ""query_parameters"": {}}","{""status"": ""created"", ""order_id"": ""ord_20240101_0015"", ""total_amount"": 75, ""currency"": ""EUR"", ""estimated_delivery"": ""2024-01-16"", ""message"": ""Order created. Payment due on delivery."", ""items"": [{""product_id"": ""prod_X"", ""quantity"": 1, ""price"": 75}]}","valid","valid_flow","Valid international order to France with COD."
"Generate order for cust_021, two items, card, no line2, simulate.","Create_Customer_Order","/v1/orders","POST","{""url"": ""https://api.example-shop.com/v1/orders"", ""body"": {""customer_id"": ""cust_021"", ""items"": [{""product_id"": ""prod_ONE"", ""quantity"": 1}, {""product_id"": ""prod_TWO"", ""quantity"": 1}], ""shipping_address"": {""line1"": ""10 Tech Plaza"", ""city"": ""San Francisco"", ""state"": ""CA"", ""postal_code"": ""94105"", ""country"": ""US""}, ""payment"": {""method"": ""card"", ""card_token"": ""tok_sf_card_021""}}, ""method"": ""POST"", ""headers"": {""Content-Type"": ""application/json"", ""Authorization"": ""Bearer test_api_key_123""}, ""query_parameters"": {""simulate"": ""true""}}","{""valid"": true, ""message"": ""Order simulation successful. No actual order created."", ""simulation"": true, ""total_amount"": 6000, ""currency"": ""USD"", ""items"": [{""product_id"": ""prod_ONE"", ""quantity"": 1, ""price"": 2500}, {""product_id"": ""prod_TWO"", ""quantity"": 1, ""price"": 3500}]}","valid","valid_flow","Valid simulation with multiple items and no line2."
"Create order for cust_022, 1x prod_SPECIAL, UPI payment, shipping to a different state.","Create_Customer_Order","/v1/orders","POST","{""url"": ""https://api.example-shop.com/v1/orders"", ""body"": {""customer_id"": ""cust_022"", ""items"": [{""product_id"": ""prod_SPECIAL"", ""quantity"": 1}], ""shipping_address"": {""line1"": ""Plot 1, Sector 18"", ""city"": ""Gurgaon"", ""state"": ""HR"", ""postal_code"": ""122008"", ""country"": ""IN""}, ""payment"": {""method"": ""upi"", ""upi_id"": ""cust022@okicici""}}, ""method"": ""POST"", ""headers"": {""Content-Type"": ""application/json"", ""Authorization"": ""Bearer test_api_key_123""}, ""query_parameters"": {}}","{""status"": ""pending_payment"", ""order_id"": ""ord_20240101_0016"", ""total_amount"": 2200, ""currency"": ""INR"", ""estimated_delivery"": ""2024-01-09"", ""message"": ""Order created. Awaiting UPI payment confirmation."", ""items"": [{""product_id"": ""prod_SPECIAL"", ""quantity"": 1, ""price"": 2200}]}","valid","valid_flow","Valid order with UPI to a specific Indian state."
"Order for cust_023, 2x generic product, netbanking, with a short note.","Create_Customer_Order","/v1/orders","POST","{""url"": ""https://api.example-shop.com/v1/orders"", ""body"": {""customer_id"": ""cust_023"", ""items"": [{""product_id"": ""prod_GENERIC"", ""quantity"": 2}], ""shipping_address"": {""line1"": ""88 Park Avenue"", ""city"": ""Boston"", ""state"": ""MA"", ""postal_code"": ""02108"", ""country"": ""US""}, ""payment"": {""method"": ""netbanking"", ""netbanking_id"": ""bank_id_BOS_023""}, ""notes"": ""Fragile.""}, ""method"": ""POST"", ""headers"": {""Content-Type"": ""application/json"", ""Authorization"": ""Bearer test_api_key_123""}, ""query_parameters"": {}}","{""status"": ""created"", ""order_id"": ""ord_20240101_0017"", ""total_amount"": 1800, ""currency"": ""USD"", ""estimated_delivery"": ""2024-01-08"", ""message"": ""Order created and payment authorized."", ""items"": [{""product_id"": ""prod_GENERIC"", ""quantity"": 2, ""price"": 900}]}","valid","valid_flow","Valid order with a short note and netbanking."
"Need to order 1x prod_GADGET for cust_024, card payment, shipping to Japan.","Create_Customer_Order","/v1/orders","POST","{""url"": ""https://api.example-shop.com/v1/orders"", ""body"": {""customer_id"": ""cust_024"", ""items"": [{""product_id"": ""prod_GADGET"", ""quantity"": 1}], ""shipping_address"": {""line1"": ""1-1-1 Marunouchi"", ""city"": ""Tokyo"", ""state"": ""TYO"", ""postal_code"": ""100-0005"", ""country"": ""JP""}, ""payment"": {""method"": ""card"", ""card_token"": ""tok_jpy_card_024""}}, ""method"": ""POST"", ""headers"": {""Content-Type"": ""application/json"", ""Authorization"": ""Bearer test_api_key_123""}, ""query_parameters"": {}}","{""status"": ""created"", ""order_id"": ""ord_20240101_0018"", ""total_amount"": 10000, ""currency"": ""JPY"", ""estimated_delivery"": ""2024-01-20"", ""message"": ""Order created and payment authorized."", ""items"": [{""product_id"": ""prod_GADGET"", ""quantity"": 1, ""price"": 10000}]}","valid","valid_flow","Valid international order to Japan."
"Create order for cust_025, 1x prod_Z, COD, no line2, simulate.","Create_Customer_Order","/v1/orders","POST","{""url"": ""https://api.example-shop.com/v1/orders"", ""body"": {""customer_id"": ""cust_025"", ""items"": [{""product_id"": ""prod_Z"", ""quantity"": 1}], ""shipping_address"": {""line1"": ""1000 Corporate Drive"", ""city"": ""Austin"", ""state"": ""TX"", ""postal_code"": ""78701"", ""country"": ""US""}, ""payment"": {""method"": ""cod""}}, ""method"": ""POST"", ""headers"": {""Content-Type"": ""application/json"", ""Authorization"": ""Bearer test_api_key_123""}, ""query_parameters"": {""simulate"": ""true""}}","{""valid"": true, ""message"": ""Order simulation successful. No actual order created."", ""simulation"": true, ""total_amount"": 700, ""currency"": ""USD"", ""items"": [{""product_id"": ""prod_Z"", ""quantity"": 1, ""price"": 700}]}","valid","valid_flow","Valid simulation for COD payment with no line2."
"Order for cust_026, 1x prod_SERVICE, UPI, deliver to a different country (UAE).","Create_Customer_Order","/v1/orders","POST","{""url"": ""https://api.example-shop.com/v1/orders"", ""body"": {""customer_id"": ""cust_026"", ""items"": [{""product_id"": ""prod_SERVICE"", ""quantity"": 1}], ""shipping_address"": {""line1"": ""Sheikh Zayed Road"", ""city"": ""Dubai"", ""state"": ""DXB"", ""postal_code"": ""00000"", ""country"": ""AE""}, ""payment"": {""method"": ""upi"", ""upi_id"": ""cust026@emiratesbank""}}, ""method"": ""POST"", ""headers"": {""Content-Type"": ""application/json"", ""Authorization"": ""Bearer test_api_key_123""}, ""query_parameters"": {}}","{""status"": ""pending_payment"", ""order_id"": ""ord_20240101_0019"", ""total_amount"": 150, ""currency"": ""AED"", ""estimated_delivery"": ""2024-01-15"", ""message"": ""Order created. Awaiting UPI payment confirmation."", ""items"": [{""product_id"": ""prod_SERVICE"", ""quantity"": 1, ""price"": 150}]}","valid","valid_flow","Valid international order to UAE with UPI payment."
"Create an order for cust_027, 3x prod_SMALL, card payment, with line2.","Create_Customer_Order","/v1/orders","POST","{""url"": ""https://api.example-shop.com/v1/orders"", ""body"": {""customer_id"": ""cust_027"", ""items"": [{""product_id"": ""prod_SMALL"", ""quantity"": 3}], ""shipping_address"": {""line1"": ""Flat 7"", ""line2"": ""The Gardens Apartments"", ""city"": ""Bangalore"", ""state"": ""KA"", ""postal_code"": ""560001"", ""country"": ""IN""}, ""payment"": {""method"": ""card"", ""card_token"": ""tok_in_card_027""}}, ""method"": ""POST"", ""headers"": {""Content-Type"": ""application/json"", ""Authorization"": ""Bearer test_api_key_123""}, ""query_parameters"": {}}","{""status"": ""created"", ""order_id"": ""ord_20240101_0020"", ""total_amount"": 1500, ""currency"": ""INR"", ""estimated_delivery"": ""2024-01-08"", ""message"": ""Order created and payment authorized."", ""items"": [{""product_id"": ""prod_SMALL"", ""quantity"": 3, ""price"": 500}]}","valid","valid_flow","Valid order with multiple quantities of one item and line2."
"Order for cust_028, 1x prod_BIG, netbanking, no notes, simulate.","Create_Customer_Order","/v1/orders","POST","{""url"": ""https://api.example-shop.com/v1/orders"", ""body"": {""customer_id"": ""cust_028"", ""items"": [{""product_id"": ""prod_BIG"", ""quantity"": 1}], ""shipping_address"": {""line1"": ""1 Big Road"", ""city"": ""Large City"", ""state"": ""NY"", ""postal_code"": ""10001"", ""country"": ""US""}, ""payment"": {""method"": ""netbanking"", ""netbanking_id"": ""netbank_028""}}, ""method"": ""POST"", ""headers"": {""Content-Type"": ""application/json"", ""Authorization"": ""Bearer test_api_key_123""}, ""query_parameters"": {""simulate"": ""true""}}","{""valid"": true, ""message"": ""Order simulation successful. No actual order created."", ""simulation"": true, ""total_amount"": 5000, ""currency"": ""USD"", ""items"": [{""product_id"": ""prod_BIG"", ""quantity"": 1, ""price"": 5000}]}","valid","valid_flow","Valid simulation with netbanking and no notes."
"Place order for cust_029, 2 items, COD, with a specific instruction.","Create_Customer_Order","/v1/orders","POST","{""url"": ""https://api.example-shop.com/v1/orders"", ""body"": {""customer_id"": ""cust_029"", ""items"": [{""product_id"": ""prod_ITEM_X"", ""quantity"": 1}, {""product_id"": ""prod_ITEM_Y"", ""quantity"": 1}], ""shipping_address"": {""line1"": ""10 Main Street"", ""city"": ""Smalltown"", ""state"": ""AL"", ""postal_code"": ""35004"", ""country"": ""US""}, ""payment"": {""method"": ""cod""}, ""notes"": ""Leave package at the back door.""}, ""method"": ""POST"", ""headers"": {""Content-Type"": ""application/json"", ""Authorization"": ""Bearer test_api_key_123""}, ""query_parameters"": {}}","{""status"": ""created"", ""order_id"": ""ord_20240101_0021"", ""total_amount"": 2800, ""currency"": ""USD"", ""estimated_delivery"": ""2024-01-09"", ""message"": ""Order created. Payment due on delivery."", ""items"": [{""product_id"": ""prod_ITEM_X"", ""quantity"": 1, ""price"": 1300}, {""product_id"": ""prod_ITEM_Y"", ""quantity"": 1, ""price"": 1500}]}","valid","valid_flow","Valid order with COD and a specific delivery instruction."
"Order for cust_030, 1x prod_ESSENTIAL, card, shipping to UK, no line2, simulate.","Create_Customer_Order","/v1/orders","POST","{""url"": ""https://api.example-shop.com/v1/orders"", ""body"": {""customer_id"": ""cust_030"", ""items"": [{""product_id"": ""prod_ESSENTIAL"", ""quantity"": 1}], ""shipping_address"": {""line1"": ""1 High Street"", ""city"": ""Manchester"", ""state"": ""ENG"", ""postal_code"": ""M1 1AE"", ""country"": ""GB""}, ""payment"": {""method"": ""card"", ""card_token"": ""tok_uk_card_030""}}, ""method"": ""POST"", ""headers"": {""Content-Type"": ""application/json"", ""Authorization"": ""Bearer test_api_key_123""}, ""query_parameters"": {""simulate"": ""true""}}","{""valid"": true, ""message"": ""Order simulation successful. No actual order created."", ""simulation"": true, ""total_amount"": 80, ""currency"": ""GBP"", ""items"": [{""product_id"": ""prod_ESSENTIAL"", ""quantity"": 1, ""price"": 80}]}","valid","valid_flow","Valid international simulation to UK with no line2."
"Create order for customer cust_031, single product, UPI payment.","Create_Customer_Order","/v1/orders","POST","{""url"": ""https://api.example-shop.com/v1/orders"", ""body"": {""customer_id"": ""cust_031"", ""items"": [{""product_id"": ""prod_ITEM_UPI"", ""quantity"": 1}], ""shipping_address"": {""line1"": ""5th Avenue, Block C"", ""city"": ""Noida"", ""state"": ""UP"", ""postal_code"": ""201301"", ""country"": ""IN""}, ""payment"": {""method"": ""upi"", ""upi_id"": ""cust031@paytm""}}, ""method"": ""POST"", ""headers"": {""Content-Type"": ""application/json"", ""Authorization"": ""Bearer test_api_key_123""}, ""query_parameters"": {}}","{""status"": ""pending_payment"", ""order_id"": ""ord_20240101_0022"", ""total_amount"": 1800, ""currency"": ""INR"", ""estimated_delivery"": ""2024-01-10"", ""message"": ""Order created. Awaiting UPI payment confirmation."", ""items"": [{""product_id"": ""prod_ITEM_UPI"", ""quantity"": 1, ""price"": 1800}]}","valid","valid_flow","Valid order with UPI payment."
"Book an order for cust_032, 2x prod_OFFICE, netbanking, specific notes.","Create_Customer_Order","/v1/orders","POST","{""url"": ""https://api.example-shop.com/v1/orders"", ""body"": {""customer_id"": ""cust_032"", ""items"": [{""product_id"": ""prod_OFFICE"", ""quantity"": 2}], ""shipping_address"": {""line1"": ""Office No 10"", ""line2"": ""Commercial Building"", ""city"": ""Chennai"", ""state"": ""TN"", ""postal_code"": ""600017"", ""country"": ""IN""}, ""payment"": {""method"": ""netbanking"", ""netbanking_id"": ""bank_id_CANARA_032""}, ""notes"": ""Deliver during office hours (9-5 PM).""}, ""method"": ""POST"", ""headers"": {""Content-Type"": ""application/json"", ""Authorization"": ""Bearer test_api_key_123""}, ""query_parameters"": {}}","{""status"": ""created"", ""order_id"": ""ord_20240101_0023"", ""total_amount"": 6000, ""currency"": ""INR"", ""estimated_delivery"": ""2024-01-09"", ""message"": ""Order created and payment authorized."", ""items"": [{""product_id"": ""prod_OFFICE"", ""quantity"": 2, ""price"": 3000}]}","valid","valid_flow","Valid order with netbanking and a specific delivery time note."
"Order for cust_033, 1x prod_FRUIT, COD, shipping to a different country (Singapore).","Create_Customer_Order","/v1/orders","POST","{""url"": ""https://api.example-shop.com/v1/orders"", ""body"": {""customer_id"": ""cust_033"", ""items"": [{""product_id"": ""prod_FRUIT"", ""quantity"": 1}], ""shipping_address"": {""line1"": ""1 Orchard Road"", ""city"": ""Singapore"", ""state"": ""SG"", ""postal_code"": ""238821"", ""country"": ""SG""}, ""payment"": {""method"": ""cod""}}, ""method"": ""POST"", ""headers"": {""Content-Type"": ""application/json"", ""Authorization"": ""Bearer test_api_key_123""}, ""query_parameters"": {}}","{""status"": ""created"", ""order_id"": ""ord_20240101_0024"", ""total_amount"": 25, ""currency"": ""SGD"", ""estimated_delivery"": ""2024-01-14"", ""message"": ""Order created. Payment due on delivery."", ""items"": [{""product_id"": ""prod_FRUIT"", ""quantity"": 1, ""price"": 25}]}","valid","valid_flow","Valid international order to Singapore with COD."
"Create order for cust_034, 1x prod_VEG, card payment, simulate true.","Create_Customer_Order","/v1/orders","POST","{""url"": ""https://api.example-shop.com/v1/orders"", ""body"": {""customer_id"": ""cust_034"", ""items"": [{""product_id"": ""prod_VEG"", ""quantity"": 1}], ""shipping_address"": {""line1"": ""1 Farm Road"", ""city"": ""Green Acres"", ""state"": ""CA"", ""postal_code"": ""90210"", ""country"": ""US""}, ""payment"": {""method"": ""card"", ""card_token"": ""tok_test_veg_034""}}, ""method"": ""POST"", ""headers"": {""Content-Type"": ""application/json"", ""Authorization"": ""Bearer test_api_key_123""}, ""query_parameters"": {""simulate"": ""true""}}","{""valid"": true, ""message"": ""Order simulation successful. No actual order created."", ""simulation"": true, ""total_amount"": 15, ""currency"": ""USD"", ""items"": [{""product_id"": ""prod_VEG"", ""quantity"": 1, ""price"": 15}]}","valid","valid_flow","Valid simulation for a single item with card payment."
"Order for cust_035, 2x prod_DRINK, UPI payment, deliver to a different Indian state.","Create_Customer_Order","/v1/orders","POST","{""url"": ""https://api.example-shop.com/v1/orders"", ""body"": {""customer_id"": ""cust_035"", ""items"": [{""product_id"": ""prod_DRINK"", ""quantity"": 2}], ""shipping_address"": {""line1"": ""123 Beverage Street"", ""city"": ""Kolkata"", ""state"": ""WB"", ""postal_code"": ""700001"", ""country"": ""IN""}, ""payment"": {""method"": ""upi"", ""upi_id"": ""cust035@sbi""}}, ""method"": ""POST"", ""headers"": {""Content-Type"": ""application/json"", ""Authorization"": ""Bearer test_api_key_123""}, ""query_parameters"": {}}","{""status"": ""pending_payment"", ""order_id"": ""ord_20240101_0025"", ""total_amount"": 600, ""currency"": ""INR"", ""estimated_delivery"": ""2024-01-11"", ""message"": ""Order created. Awaiting UPI payment confirmation."", ""items"": [{""product_id"": ""prod_DRINK"", ""quantity"": 2, ""price"": 300}]}","valid","valid_flow","Valid order with UPI to West Bengal."
"Create an order for cust_036, 1x prod_CLOTH, netbanking, with line2 and notes.","Create_Customer_Order","/v1/orders","POST","{""url"": ""https://api.example-shop.com/v1/orders"", ""body"": {""customer_id"": ""cust_036"", ""items"": [{""product_id"": ""prod_CLOTH"", ""quantity"": 1}], ""shipping_address"": {""line1"": ""Apartment 10A"", ""line2"": ""Luxury Residences"", ""city"": ""Mumbai"", ""state"": ""MH"", ""postal_code"": ""400050"", ""country"": ""IN""}, ""payment"": {""method"": ""netbanking"", ""netbanking_id"": ""bank_id_ICICI_036""}, ""notes"": ""Gift wrap required.""}, ""method"": ""POST"", ""headers"": {""Content-Type"": ""application/json"", ""Authorization"": ""Bearer test_api_key_123""}, ""query_parameters"": {}}","{""status"": ""created"", ""order_id"": ""ord_20240101_0026"", ""total_amount"": 2500, ""currency"": ""INR"", ""estimated_delivery"": ""2024-01-09"", ""message"": ""Order created and payment authorized."", ""items"": [{""product_id"": ""prod_CLOTH"", ""quantity"": 1, ""price"": 2500}]}","valid","valid_flow","Valid order with netbanking, line2, and a gift wrap note."
"Order for cust_037, 1x prod_TOOL, COD, shipping to Australia, no notes.","Create_Customer_Order","/v1/orders","POST","{""url"": ""https://api.example-shop.com/v1/orders"", ""body"": {""customer_id"": ""cust_037"", ""items"": [{""product_id"": ""prod_TOOL"", ""quantity"": 1}], ""shipping_address"": {""line1"": ""55 Tool Street"", ""city"": ""Melbourne"", ""state"": ""VIC"", ""postal_code"": ""3000"", ""country"": ""AU""}, ""payment"": {""method"": ""cod""}}, ""method"": ""POST"", ""headers"": {""Content-Type"": ""application/json"", ""Authorization"": ""Bearer test_api_key_123""}, ""query_parameters"": {}}","{""status"": ""created"", ""order_id"": ""ord_20240101_0027"", ""total_amount"": 120, ""currency"": ""AUD"", ""estimated_delivery"": ""2024-01-17"", ""message"": ""Order created. Payment due on delivery."", ""items"": [{""product_id"": ""prod_TOOL"", ""quantity"": 1, ""price"": 120}]}","valid","valid_flow","Valid international order to Australia with COD and no notes."
"Order for cust_038, 1x prod_GAME, card payment, simulate true, no line2.","Create_Customer_Order","/v1/orders","POST","{""url"": ""https://api.example-shop.com/v1/orders"", ""body"": {""customer_id"": ""cust_038"", ""items"": [{""product_id"": ""prod_GAME"", ""quantity"": 1}], ""shipping_address"": {""line1"": ""99 Gaming Arcade"", ""city"": ""Los Angeles"", ""state"": ""CA"", ""postal_code"": ""90015"", ""country"": ""US""}, ""payment"": {""method"": ""card"", ""card_token"": ""tok_la_card_038""}}, ""method"": ""POST"", ""headers"": {""Content-Type"": ""application/json"", ""Authorization"": ""Bearer test_api_key_123""}, ""query_parameters"": {""simulate"": ""true""}}","{""valid"": true, ""message"": ""Order simulation successful. No actual order created."", ""simulation"": true, ""total_amount"": 60, ""currency"": ""USD"", ""items"": [{""product_id"": ""prod_GAME"", ""quantity"": 1, ""price"": 60}]}","valid","valid_flow","Valid simulation for a single item with card payment and no line2."
"Place new order for cust_039, 2x prod_KITCHEN, UPI payment, to a different Indian state.","Create_Customer_Order","/v1/orders","POST","{""url"": ""https://api.example-shop.com/v1/orders"", ""body"": {""customer_id"": ""cust_039"", ""items"": [{""product_id"": ""prod_KITCHEN"", ""quantity"": 2}], ""shipping_address"": {""line1"": ""7 Kitchen Street"", ""city"": ""Ahmedabad"", ""state"": ""GJ"", ""postal_code"": ""380001"", ""country"": ""IN""}, ""payment"": {""method"": ""upi"", ""upi_id"": ""cust039@hdfc""}}, ""method"": ""POST"", ""headers"": {""Content-Type"": ""application/json"", ""Authorization"": ""Bearer test_api_key_123""}, ""query_parameters"": {}}","{""status"": ""pending_payment"", ""order_id"": ""ord_20240101_0028"", ""total_amount"": 4000, ""currency"": ""INR"", ""estimated_delivery"": ""2024-01-12"", ""message"": ""Order created. Awaiting UPI payment confirmation."", ""items"": [{""product_id"": ""prod_KITCHEN"", ""quantity"": 2, ""price"": 2000}]}","valid","valid_flow","Valid order with UPI to Gujarat."
"Order for cust_040, 1x prod_FURNITURE, netbanking, with notes and line2.","Create_Customer_Order","/v1/orders","POST","{""url"": ""https://api.example-shop.com/v1/orders"", ""body"": {""customer_id"": ""cust_040"", ""items"": [{""product_id"": ""prod_FURNITURE"", ""quantity"": 1}], ""shipping_address"": {""line1"": ""Building 5"", ""line2"": ""Furniture Complex"", ""city"": ""Delhi"", ""state"": ""DL"", ""postal_code"": ""110001"", ""country"": ""IN""}, ""payment"": {""method"": ""netbanking"", ""netbanking_id"": ""bank_id_PNB_040""}, ""notes"": ""Heavy item, require assistance.""}, ""method"": ""POST"", ""headers"": {""Content-Type"": ""application/json"", ""Authorization"": ""Bearer test_api_key_123""}, ""query_parameters"": {}}","{""status"": ""created"", ""order_id"": ""ord_20240101_0029"", ""total_amount"": 15000, ""currency"": ""INR"", ""estimated_delivery"": ""2024-01-10"", ""message"": ""Order created and payment authorized."", ""items"": [{""product_id"": ""prod_FURNITURE"", ""quantity"": 1, ""price"": 15000}]}","valid","valid_flow","Valid order with netbanking, line2, and a heavy item note."
"Order for cust_041, 1x prod_SHOES, COD, shipping to South Africa.","Create_Customer_Order","/v1/orders","POST","{""url"": ""https://api.example-shop.com/v1/orders"", ""body"": {""customer_id"": ""cust_041"", ""items"": [{""product_id"": ""prod_SHOES"", ""quantity"": 1}], ""shipping_address"": {""line1"": ""1 Shoe Lane"", ""city"": ""Cape Town"", ""state"": ""WC"", ""postal_code"": ""8001"", ""country"": ""ZA""}, ""payment"": {""method"": ""cod""}}, ""method"": ""POST"", ""headers"": {""Content-Type"": ""application/json"", ""Authorization"": ""Bearer test_api_key_123""}, ""query_parameters"": {}}","{""status"": ""created"", ""order_id"": ""ord_20240101_0030"", ""total_amount"": 800, ""currency"": ""ZAR"", ""estimated_delivery"": ""2024-01-19"", ""message"": ""Order created. Payment due on delivery."", ""items"": [{""product_id"": ""prod_SHOES"", ""quantity"": 1, ""price"": 800}]}","valid","valid_flow","Valid international order to South Africa with COD."
"Create order for cust_042, 1x prod_JEWELRY, card payment, simulate true, no notes.","Create_Customer_Order","/v1/orders","POST","{""url"": ""https://api.example-shop.com/v1/orders"", ""body"": {""customer_id"": ""cust_042"", ""items"": [{""product_id"": ""prod_JEWELRY"", ""quantity"": 1}], ""shipping_address"": {""line1"": ""77 Gemstone Street"", ""city"": ""New York"", ""state"": ""NY"", ""postal_code"": ""10001"", ""country"": ""US""}, ""payment"": {""method"": ""card"", ""card_token"": ""tok_ny_jewelry_042""}, ""notes"": null}, ""method"": ""POST"", ""headers"": {""Content-Type"": ""application/json"", ""Authorization"": ""Bearer test_api_key_123""}, ""query_parameters"": {""simulate"": ""true""}}","{""valid"": true, ""message"": ""Order simulation successful. No actual order created."", ""simulation"": true, ""total_amount"": 1500, ""currency"": ""USD"", ""items"": [{""product_id"": ""prod_JEWELRY"", ""quantity"": 1, ""price"": 1500}]}","valid","valid_flow","Valid simulation for a single item with card payment and explicit null notes."
"Order for cust_043, 1x prod_BEAUTY, UPI, deliver to a different Indian state, with line2.","Create_Customer_Order","/v1/orders","POST","{""url"": ""https://api.example-shop.com/v1/orders"", ""body"": {""customer_id"": ""cust_043"", ""items"": [{""product_id"": ""prod_BEAUTY"", ""quantity"": 1}], ""shipping_address"": {""line1"": ""Flat 12, Tower B"", ""line2"": ""Glamour Apartments"", ""city"": ""Pune"", ""state"": ""MH"", ""postal_code"": ""411007"", ""country"": ""IN""}, ""payment"": {""method"": ""upi"", ""upi_id"": ""cust043@ybl""}}, ""method"": ""POST"", ""headers"": {""Content-Type"": ""application/json"", ""Authorization"": ""Bearer test_api_key_123""}, ""query_parameters"": {}}","{""status"": ""pending_payment"", ""order_id"": ""ord_20240101_0031"", ""total_amount"": 900, ""currency"": ""INR"", ""estimated_delivery"": ""2024-01-11"", ""message"": ""Order created. Awaiting UPI payment confirmation."", ""items"": [{""product_id"": ""prod_BEAUTY"", ""quantity"": 1, ""price"": 900}]}","valid","valid_flow","Valid order with UPI to Maharashtra, with line2."
"Create order for cust_044, 2x prod_PET, netbanking, simulate true, with notes.","Create_Customer_Order","/v1/orders","POST","{""url"": ""https://api.example-shop.com/v1/orders"", ""body"": {""customer_id"": ""cust_044"", ""items"": [{""product_id"": ""prod_PET"", ""quantity"": 2}], ""shipping_address"": {""line1"": ""4 Paws Lane"", ""city"": ""Petville"", ""state"": ""GA"", ""postal_code"": ""30303"", ""country"": ""US""}, ""payment"": {""method"": ""netbanking"", ""netbanking_id"": ""bank_id_PET_044""}, ""notes"": ""Deliver safely, pet food.""}, ""method"": ""POST"", ""headers"": {""Content-Type"": ""application/json"", ""Authorization"": ""Bearer test_api_key_123""}, ""query_parameters"": {""simulate"": ""true""}}","{""valid"": true, ""message"": ""Order simulation successful. No actual order created."", ""simulation"": true, ""total_amount"": 400, ""currency"": ""USD"", ""items"": [{""product_id"": ""prod_PET"", ""quantity"": 2, ""price"": 200}]}","valid","valid_flow","Valid simulation for multiple items with netbanking and notes."
"Order for cust_045, 1x prod_PLANT, COD, shipping to Canada, with notes.","Create_Customer_Order","/v1/orders","POST","{""url"": ""https://api.example-shop.com/v1/orders"", ""body"": {""customer_id"": ""cust_045"", ""items"": [{""product_id"": ""prod_PLANT"", ""quantity"": 1}], ""shipping_address"": {""line1"": ""1 Green Street"", ""city"": ""Vancouver"", ""state"": ""BC"", ""postal_code"": ""V6B 1A1"", ""country"": ""CA""}, ""payment"": {""method"": ""cod""}, ""notes"": ""Handle with care, live plant.""}, ""method"": ""POST"", ""headers"": {""Content-Type"": ""application/json"", ""Authorization"": ""Bearer test_api_key_123""}, ""query_parameters"": {}}","{""status"": ""created"", ""order_id"": ""ord_20240101_0032"", ""total_amount"": 45, ""currency"": ""CAD"", ""estimated_delivery"": ""2024-01-16"", ""message"": ""Order created. Payment due on delivery."", ""items"": [{""product_id"": ""prod_PLANT"", ""quantity"": 1, ""price"": 45}]}","valid","valid_flow","Valid international order to Canada with COD and care notes."
"Create order for cust_046, 1x prod_ART, card payment, no notes, no line2.","Create_Customer_Order","/v1/orders","POST","{""url"": ""https://api.example-shop.com/v1/orders"", ""body"": {""customer_id"": ""cust_046"", ""items"": [{""product_id"": ""prod_ART"", ""quantity"": 1}], ""shipping_address"": {""line1"": ""Gallery Lane 1"", ""city"": ""Paris"", ""state"": ""IDF"", ""postal_code"": ""75001"", ""country"": ""FR""}, ""payment"": {""method"": ""card"", ""card_token"": ""tok_fr_art_046""}}, ""method"": ""POST"", ""headers"": {""Content-Type"": ""application/json"", ""Authorization"": ""Bearer test_api_key_123""}, ""query_parameters"": {}}","{""status"": ""created"", ""order_id"": ""ord_20240101_0033"", ""total_amount"": 250, ""currency"": ""EUR"", ""estimated_delivery"": ""2024-01-15"", ""message"": ""Order created and payment authorized."", ""items"": [{""product_id"": ""prod_ART"", ""quantity"": 1, ""price"": 250}]}","valid","valid_flow","Valid international order to France with card payment, no notes, no line2."
"Order for cust_047, 1x prod_MUSIC, UPI payment, simulate true, to a different Indian state.","Create_Customer_Order","/v1/orders","POST","{""url"": ""https://api.example-shop.com/v1/orders"", ""body"": {""customer_id"": ""cust_047"", ""items"": [{""product_id"": ""prod_MUSIC"", ""quantity"": 1}], ""shipping_address"": {""line1"": ""Music Street 5"", ""city"": ""Chennai"", ""state"": ""TN"", ""postal_code"": ""600002"", ""country"": ""IN""}, ""payment"": {""method"": ""upi"", ""upi_id"": ""cust047@axis""}}, ""method"": ""POST"", ""headers"": {""Content-Type"": ""application/json"", ""Authorization"": ""Bearer test_api_key_123""}, ""query_parameters"": {""simulate"": ""true""}}","{""valid"": true, ""message"": ""Order simulation successful. No actual order created."", ""simulation"": true, ""total_amount"": 750, ""currency"": ""INR"", ""items"": [{""product_id"": ""prod_MUSIC"", ""quantity"": 1, ""price"": 750}]}","valid","valid_flow","Valid simulation for a single item with UPI to Tamil Nadu."
"Create order for cust_048, 1x prod_SPORT, netbanking, with notes and line2.","Create_Customer_Order","/v1/orders","POST","{""url"": ""https://api.example-shop.com/v1/orders"", ""body"": {""customer_id"": ""cust_048"", ""items"": [{""product_id"": ""prod_SPORT"", ""quantity"": 1}], ""shipping_address"": {""line1"": ""Stadium Road"", ""line2"": ""Near Sports Complex"", ""city"": ""Bengaluru"", ""state"": ""KA"", ""postal_code"": ""560001"", ""country"": ""IN""}, ""payment"": {""method"": ""netbanking"", ""netbanking_id"": ""bank_id_UNION_048""}, ""notes"": ""Deliver to security gate.""}, ""method"": ""POST"", ""headers"": {""Content-Type"": ""application/json"", ""Authorization"": ""Bearer test_api_key_123""}, ""query_parameters"": {}}","{""status"": ""created"", ""order_id"": ""ord_20240101_0034"", ""total_amount"": 1200, ""currency"": ""INR"", ""estimated_delivery"": ""2024-01-10"", ""message"": ""Order created and payment authorized."", ""items"": [{""product_id"": ""prod_SPORT"", ""quantity"": 1, ""price"": 1200}]}","valid","valid_flow","Valid order with netbanking, line2, and specific delivery notes."
"Order for cust_049, 1x prod_ELECTRONICS, COD, shipping to US, no line2.","Create_Customer_Order","/v1/orders","POST","{""url"": ""https://api.example-shop.com/v1/orders"", ""body"": {""customer_id"": ""cust_049"", ""items"": [{""product_id"": ""prod_ELECTRONICS"", ""quantity"": 1}], ""shipping_address"": {""line1"": ""1 Circuit Board"", ""city"": ""Silicon Valley"", ""state"": ""CA"", ""postal_code"": ""95101"", ""country"": ""US""}, ""payment"": {""method"": ""cod""}}, ""method"": ""POST"", ""headers"": {""Content-Type"": ""application/json"", ""Authorization"": ""Bearer test_api_key_123""}, ""query_parameters"": {}}","{""status"": ""created"", ""order_id"": ""ord_20240101_0035"", ""total_amount"": 800, ""currency"": ""USD"", ""estimated_delivery"": ""2024-01-09"", ""message"": ""Order created. Payment due on delivery."", ""items"": [{""product_id"": ""prod_ELECTRONICS"", ""quantity"": 1, ""price"": 800}]}","valid","valid_flow","Valid order with COD, no line2."
"Place order for cust_050, 1x prod_HOME, card payment, simulate true, no line2, no notes.","Create_Customer_Order","/v1/orders","POST","{""url"": ""https://api.example-shop.com/v1/orders"", ""body"": {""customer_id"": ""cust_050"", ""items"": [{""product_id"": ""prod_HOME"", ""quantity"": 1}], ""shipping_address"": {""line1"": ""1 Home Avenue"", ""city"": ""Pleasantville"", ""state"": ""NY"", ""postal_code"": ""10570"", ""country"": ""US""}, ""payment"": {""method"": ""card"", ""card_token"": ""tok_home_card_050""}, ""notes"": null}, ""method"": ""POST"", ""headers"": {""Content-Type"": ""application/json"", ""Authorization"": ""Bearer test_api_key_123""}, ""query_parameters"": {""simulate"": ""true""}}","{""valid"": true, ""message"": ""Order simulation successful. No actual order created."", ""simulation"": true, ""total_amount"": 300, ""currency"": ""USD"", ""items"": [{""product_id"": ""prod_HOME"", ""quantity"": 1, ""price"": 300}]}","valid","valid_flow","Valid simulation for a single item with card payment, no notes, no line2."
"Create order for cust_long_id_123456789012345678901234567890123456789012345678901234567890, one item, card. Long ID test.","Create_Customer_Order","/v1/orders","POST","{""url"": ""https://api.example-shop.com/v1/orders"", ""body"": {""customer_id"": ""cust_long_id_1234567890123456789012345678901234567890123456789012345678901234567890123456789012345678901234567890"", ""items"": [{""product_id"": ""prod_LONGID"", ""quantity"": 1}], ""shipping_address"": {""line1"": ""1 Long Street Address Place"", ""city"": ""Longcityname"", ""state"": ""LA"", ""postal_code"": ""12345-6789"", ""country"": ""US""}, ""payment"": {""method"": ""card"", ""card_token"": ""tok_long_id_test""}}, ""method"": ""POST"", ""headers"": {""Content-Type"": ""application/json"", ""Authorization"": ""Bearer test_api_key_123""}, ""query_parameters"": {}}","{""status"": ""created"", ""order_id"": ""ord_20240101_EDGE01"", ""total_amount"": 1000, ""currency"": ""USD"", ""estimated_delivery"": ""2024-01-08"", ""message"": ""Order created and payment authorized."", ""items"": [{""product_id"": ""prod_LONGID"", ""quantity"": 1, ""price"": 1000}]}","edge","boundary","Customer ID and address fields with very long but valid strings."
"Order 1x prod_MIN_QTY for cust_051, quantity 1, COD.","Create_Customer_Order","/v1/orders","POST","{""url"": ""https://api.example-shop.com/v1/orders"", ""body"": {""customer_id"": ""cust_051"", ""items"": [{""product_id"": ""prod_MIN_QTY"", ""quantity"": 1}], ""shipping_address"": {""line1"": ""1 Minimum Road"", ""city"": ""Minville"", ""state"": ""MN"", ""postal_code"": ""55001"", ""country"": ""US""}, ""payment"": {""method"": ""cod""}}, ""method"": ""POST"", ""headers"": {""Content-Type"": ""application/json"", ""Authorization"": ""Bearer test_api_key_123""}, ""query_parameters"": {}}","{""status"": ""created"", ""order_id"": ""ord_20240101_EDGE02"", ""total_amount"": 50, ""currency"": ""USD"", ""estimated_delivery"": ""2024-01-09"", ""message"": ""Order created. Payment due on delivery."", ""items"": [{""product_id"": ""prod_MIN_QTY"", ""quantity"": 1, ""price"": 50}]}","edge","boundary","Order with minimum allowed quantity (1) for an item."
"Create order for cust_052, max quantity of a product, card, simulate true.","Create_Customer_Order","/v1/orders","POST","{""url"": ""https://api.example-shop.com/v1/orders"", ""body"": {""customer_id"": ""cust_052"", ""items"": [{""product_id"": ""prod_MAX_QTY"", ""quantity"": 99999}], ""shipping_address"": {""line1"": ""999 High Street"", ""city"": ""Highville"", ""state"": ""HI"", ""postal_code"": ""96701"", ""country"": ""US""}, ""payment"": {""method"": ""card"", ""card_token"": ""tok_max_qty""}}, ""method"": ""POST"", ""headers"": {""Content-Type"": ""application/json"", ""Authorization"": ""Bearer test_api_key_123""}, ""query_parameters"": {""simulate"": ""true""}}","{""valid"": false, ""errors"": [""Insufficient stock for product prod_MAX_QTY. Available: 500, requested: 99999""], ""simulation"": true}","edge","boundary","Order with a very large quantity, expecting a simulated stock error."
"Order for cust_053, with special chars in notes, UPI.","Create_Customer_Order","/v1/orders","POST","{""url"": ""https://api.example-shop.com/v1/orders"", ""body"": {""customer_id"": ""cust_053"", ""items"": [{""product_id"": ""prod_SPECIAL_CHARS"", ""quantity"": 1}], ""shipping_address"": {""line1"": ""1 Symbol Street"", ""city"": ""Charville"", ""state"": ""CH"", ""postal_code"": ""10101"", ""country"": ""US""}, ""payment"": {""method"": ""upi"", ""upi_id"": ""cust053@pay""}, ""notes"": ""This note contains !@#$%^&*()_+ symbols and <fake_script_tag>alert('XSS');</fake_script_tag>""}, ""method"": ""POST"", ""headers"": {""Content-Type"": ""application/json"", ""Authorization"": ""Bearer test_api_key_123""}, ""query_parameters"": {}}","{""status"": ""pending_payment"", ""order_id"": ""ord_20240101_EDGE03"", ""total_amount"": 200, ""currency"": ""USD"", ""estimated_delivery"": ""2024-01-10"", ""message"": ""Order created. Awaiting UPI payment confirmation."", ""items"": [{""product_id"": ""prod_SPECIAL_CHARS"", ""quantity"": 1, ""price"": 200}]}","edge","boundary","Notes field with special characters and a harmless, non-executable fake script tag."
"Create order for cust_054, line2 is an empty string, netbanking.","Create_Customer_Order","/v1/orders","POST","{""url"": ""https://api.example-shop.com/v1/orders"", ""body"": {""customer_id"": ""cust_054"", ""items"": [{""product_id"": ""prod_EMPTY_LINE2"", ""quantity"": 1}], ""shipping_address"": {""line1"": ""1 Empty Street"", ""line2"": """", ""city"": ""Emptytown"", ""state"": ""ET"", ""postal_code"": ""11111"", ""country"": ""US""}, ""payment"": {""method"": ""netbanking"", ""netbanking_id"": ""bank_id_EMPTY_054""}}, ""method"": ""POST"", ""headers"": {""Content-Type"": ""application/json"", ""Authorization"": ""Bearer test_api_key_123""}, ""query_parameters"": {}}","{""status"": ""created"", ""order_id"": ""ord_20240101_EDGE04"", ""total_amount"": 300, ""currency"": ""USD"", ""estimated_delivery"": ""2024-01-09"", ""message"": ""Order created and payment authorized."", ""items"": [{""product_id"": ""prod_EMPTY_LINE2"", ""quantity"": 1, ""price"": 300}]}","edge","boundary","Shipping address line2 provided as an empty string (valid for type 'string | null')."
"Order for cust_055, very long product_id, card.","Create_Customer_Order","/v1/orders","POST","{""url"": ""https://api.example-shop.com/v1/orders"", ""body"": {""customer_id"": ""cust_055"", ""items"": [{""product_id"": ""prod_ABCDEFGHIJKLMNOPQRSTUVWXYZABCDEFGHIJKLMNOPQRSTUVWXYZABCDEFGHIJKLMNOPQRSTUVWXYZABCDEFGHIJKLMNOPQRSTUVWXYZ1234567890"", ""quantity"": 1}], ""shipping_address"": {""line1"": ""1 Alpha Street"", ""city"": ""Betaville"", ""state"": ""BA"", ""postal_code"": ""22222"", ""country"": ""US""}, ""payment"": {""method"": ""card"", ""card_token"": ""tok_long_prod_id""}}, ""method"": ""POST"", ""headers"": {""Content-Type"": ""application/json"", ""Authorization"": ""Bearer test_api_key_123""}, ""query_parameters"": {}}","{""status"": ""created"", ""order_id"": ""ord_20240101_EDGE05"", ""total_amount"": 400, ""currency"": ""USD"", ""estimated_delivery"": ""2024-01-08"", ""message"": ""Order created and payment authorized."", ""items"": [{""product_id"": ""prod_ABCDEFGHIJKLMNOPQRSTUVWXYZABCDEFGHIJKLMNOPQRSTUVWXYZABCDEFGHIJKLMNOPQRSTUVWXYZABCDEFGHIJKLMNOPQRSTUVWXYZ1234567890"", ""quantity"": 1, ""price"": 400}]}","edge","boundary","Product ID with a very long string, testing string length limits."
"Create order for cust_056, minimal address fields, UPI.","Create_Customer_Order","/v1/orders","POST","{""url"": ""https://api.example-shop.com/v1/orders"", ""body"": {""customer_id"": ""cust_056"", ""items"": [{""product_id"": ""prod_MIN_ADDR"", ""quantity"": 1}], ""shipping_address"": {""line1"": ""1 A"", ""city"": ""B"", ""state"": ""C"", ""postal_code"": ""1"", ""country"": ""US""}, ""payment"": {""method"": ""upi"", ""upi_id"": ""cust056@upi""}}, ""method"": ""POST"", ""headers"": {""Content-Type"": ""application/json"", ""Authorization"": ""Bearer test_api_key_123""}, ""query_parameters"": {}}","{""status"": ""pending_payment"", ""order_id"": ""ord_20240101_EDGE06"", ""total_amount"": 100, ""currency"": ""USD"", ""estimated_delivery"": ""2024-01-10"", ""message"": ""Order created. Awaiting UPI payment confirmation."", ""items"": [{""product_id"": ""prod_MIN_ADDR"", ""quantity"": 1, ""price"": 100}]}","edge","boundary","Shipping address fields with minimum required string lengths (minLength 1 or 2 for country)."
"Order for cust_057, zero in postal code (valid for some countries), COD.","Create_Customer_Order","/v1/orders","POST","{""url"": ""https://api.example-shop.com/v1/orders"", ""body"": {""customer_id"": ""cust_057"", ""items"": [{""product_id"": ""prod_ZERO_ZIP"", ""quantity"": 1}], ""shipping_address"": {""line1"": ""1 Null Street"", ""city"": ""Zero Town"", ""state"": ""ZE"", ""postal_code"": ""00000"", ""country"": ""US""}, ""payment"": {""method"": ""cod""}}, ""method"": ""POST"", ""headers"": {""Content-Type"": ""application/json"", ""Authorization"": ""Bearer test_api_key_123""}, ""query_parameters"": {}}","{""status"": ""created"", ""order_id"": ""ord_20240101_EDGE07"", ""total_amount"": 150, ""currency"": ""USD"", ""estimated_delivery"": ""2024-01-09"", ""message"": ""Order created. Payment due on delivery."", ""items"": [{""product_id"": ""prod_ZERO_ZIP"", ""quantity"": 1, ""price"": 150}]}","edge","boundary","Postal code consisting of all zeros, which is valid as a string."
"Create order for cust_058, product ID with unicode characters, card.","Create_Customer_Order","/v1/orders","POST","{""url"": ""https://api.example-shop.com/v1/orders"", ""body"": {""customer_id"": ""cust_058"", ""items"": [{""product_id"": ""prod_\u00dc\u00f1\u00ed\u00e7\u00f8\u0111\u00e9"", ""quantity"": 1}], ""shipping_address"": {""line1"": ""1 Unicode Blvd"", ""city"": ""Global City"", ""state"": ""GC"", ""postal_code"": ""99999"", ""country"": ""US""}, ""payment"": {""method"": ""card"", ""card_token"": ""tok_unicode_prod""}}, ""method"": ""POST"", ""headers"": {""Content-Type"": ""application/json"", ""Authorization"": ""Bearer test_api_key_123""}, ""query_parameters"": {}}","{""status"": ""created"", ""order_id"": ""ord_20240101_EDGE08"", ""total_amount"": 250, ""currency"": ""USD"", ""estimated_delivery"": ""2024-01-08"", ""message"": ""Order created and payment authorized."", ""items"": [{""product_id"": ""prod_\u00dc\u00f1\u00ed\u00e7\u00f8\u0111\u00e9"", ""quantity"": 1, ""price"": 250}]}","edge","boundary","Product ID containing valid unicode characters."
"Order for cust_059, simulate=true with expected stock error.","Create_Customer_Order","/v1/orders","POST","{""url"": ""https://api.example-shop.com/v1/orders"", ""body"": {""customer_id"": ""cust_059"", ""items"": [{""product_id"": ""prod_LOW_STOCK"", ""quantity"": 10}], ""shipping_address"": {""line1"": ""1 Stock Check"", ""city"": ""Simulate"", ""state"": ""ST"", ""postal_code"": ""12345"", ""country"": ""US""}, ""payment"": {""method"": ""card"", ""card_token"": ""tok_sim_stock_error""}}, ""method"": ""POST"", ""headers"": {""Content-Type"": ""application/json"", ""Authorization"": ""Bearer test_api_key_123""}, ""query_parameters"": {""simulate"": ""true""}}","{""valid"": false, ""errors"": [""Insufficient stock for product prod_LOW_STOCK. Available: 5, requested: 10""], ""simulation"": true}","edge","boundary","Simulation mode triggering an expected 'insufficient stock' error, similar to sample."
"Order for cust_060, a country code with only 2 chars, netbanking.","Create_Customer_Order","/v1/orders","POST","{""url"": ""https://api.example-shop.com/v1/orders"", ""body"": {""customer_id"": ""cust_060"", ""items"": [{""product_id"": ""prod_COUNTRY"", ""quantity"": 1}], ""shipping_address"": {""line1"": ""1 Country Road"", ""city"": ""Countryville"", ""state"": ""CO"", ""postal_code"": ""12345"", ""country"": ""CO""}, ""payment"": {""method"": ""netbanking"", ""netbanking_id"": ""bank_id_CO_060""}}, ""method"": ""POST"", ""headers"": {""Content-Type"": ""application/json"", ""Authorization"": ""Bearer test_api_key_123""}, ""query_parameters"": {}}","{""status"": ""created"", ""order_id"": ""ord_20240101_EDGE09"", ""total_amount"": 100, ""currency"": ""COP"", ""estimated_delivery"": ""2024-01-15"", ""message"": ""Order created and payment authorized."", ""items"": [{""product_id"": ""prod_COUNTRY"", ""quantity"": 1, ""price"": 100}]}","edge","boundary","Country code with exactly 2 characters, which is the minimum length."
"Create order without customer ID.","Create_Customer_Order","/v1/orders","POST","{""url"": ""https://api.example-shop.com/v1/orders"", ""body"": {""items"": [{""product_id"": ""prod_INVALID"", ""quantity"": 1}], ""shipping_address"": {""line1"": ""1 Error Lane"", ""city"": ""Errorville"", ""state"": ""ER"", ""postal_code"": ""00000"", ""country"": ""US""}, ""payment"": {""method"": ""card"", ""card_token"": ""tok_error""}}, ""method"": ""POST"", ""headers"": {""Content-Type"": ""application/json"", ""Authorization"": ""Bearer test_api_key_123""}, ""query_parameters"": {}}","{""status"": ""error"", ""message"": ""Validation failed"", ""errors"": [""customer_id: Field is required.""]}","extreme","error_case","Missing required field: customer_id."
"Order with empty items array.","Create_Customer_Order","/v1/orders","POST","{""url"": ""https://api.example-shop.com/v1/orders"", ""body"": {""customer_id"": ""cust_ERROR_01"", ""items"": [], ""shipping_address"": {""line1"": ""1 Error Lane"", ""city"": ""Errorville"", ""state"": ""ER"", ""postal_code"": ""00000"", ""country"": ""US""}, ""payment"": {""method"": ""card"", ""card_token"": ""tok_error""}}, ""method"": ""POST"", ""headers"": {""Content-Type"": ""application/json"", ""Authorization"": ""Bearer test_api_key_123""}, ""query_parameters"": {}}","{""status"": ""error"", ""message"": ""Validation failed"", ""errors"": [""items: Array must contain at least 1 item.""]}","extreme","error_case","Items array is empty, violating minItems: 1 constraint."
"Order with invalid quantity type (string instead of integer).","Create_Customer_Order","/v1/orders","POST","{""url"": ""https://api.example-shop.com/v1/orders"", ""body"": {""customer_id"": ""cust_ERROR_02"", ""items"": [{""product_id"": ""prod_WRONG_TYPE"", ""quantity"": ""one""}], ""shipping_address"": {""line1"": ""1 Error Lane"", ""city"": ""Errorville"", ""state"": ""ER"", ""postal_code"": ""00000"", ""country"": ""US""}, ""payment"": {""method"": ""card"", ""card_token"": ""tok_error""}}, ""method"": ""POST"", ""headers"": {""Content-Type"": ""application/json"", ""Authorization"": ""Bearer test_api_key_123""}, ""query_parameters"": {}}","{""status"": ""error"", ""message"": ""Validation failed"", ""errors"": [""items[0].quantity: Must be an integer.""]}","extreme","error_case","Quantity field has wrong data type (string instead of integer)."
"Order with missing card_token for card payment method.","Create_Customer_Order","/v1/orders","POST","{""url"": ""https://api.example-shop.com/v1/orders"", ""body"": {""customer_id"": ""cust_ERROR_03"", ""items"": [{""product_id"": ""prod_MISSING_TOKEN"", ""quantity"": 1}], ""shipping_address"": {""line1"": ""1 Error Lane"", ""city"": ""Errorville"", ""state"": ""ER"", ""postal_code"": ""00000"", ""country"": ""US""}, ""payment"": {""method"": ""card""}}, ""method"": ""POST"", ""headers"": {""Content-Type"": ""application/json"", ""Authorization"": ""Bearer test_api_key_123""}, ""query_parameters"": {}}","{""status"": ""error"", ""message"": ""Validation failed"", ""errors"": [""payment.card_token: Field is required when payment method is 'card'.""]}","extreme","error_case","Missing required `card_token` when payment method is 'card', based on `if-then` schema."
"Order with invalid country code length (1 character).","Create_Customer_Order","/v1/orders","POST","{""url"": ""https://api.example-shop.com/v1/orders"", ""body"": {""customer_id"": ""cust_ERROR_04"", ""items"": [{""product_id"": ""prod_SHORT_COUNTRY"", ""quantity"": 1}], ""shipping_address"": {""line1"": ""1 Error Lane"", ""city"": ""Errorville"", ""state"": ""ER"", ""postal_code"": ""00000"", ""country"": ""A""}, ""payment"": {""method"": ""card"", ""card_token"": ""tok_error""}}, ""method"": ""POST"", ""headers"": {""Content-Type"": ""application/json"", ""Authorization"": ""Bearer test_api_key_123""}, ""query_parameters"": {}}","{""status"": ""error"", ""message"": ""Validation failed"", ""errors"": [""shipping_address.country: Must be at least 2 characters long.""]}","extreme","error_case","Country code violates `minLength: 2` constraint."
"Create an urgent order for customer CUST001 with 2 items, paying via card, and run it in simulation mode.","Create_Customer_Order","/v1/orders","POST","{""url"": ""https://api.example-shop.com/v1/orders"", ""body"": {""customer_id"": ""cust_CUST001"", ""items"": [{""product_id"": ""prod_ALPHA"", ""quantity"": 1}, {""product_id"": ""prod_BETA"", ""quantity"": 2}], ""shipping_address"": {""line1"": ""10 Downing St"", ""city"": ""London"", ""state"": ""ENG"", ""postal_code"": ""SW1A 2AA"", ""country"": ""GB""}, ""payment"": {""method"": ""card"", ""card_token"": ""tok_test_card_sim_001""}, ""notes"": ""Simulated urgent delivery.""}, ""method"": ""POST"", ""headers"": {""Content-Type"": ""application/json"", ""Authorization"": ""Bearer test_api_key_123""}, ""query_parameters"": {""simulate"": ""true""}}","{""valid"": true, ""message"": ""Order simulation successful."", ""simulation"": true, ""total_amount"": 3500, ""currency"": ""GBP""}","valid","valid_flow","Valid order request with card payment and simulation mode enabled."
"Place a new order for cust_002, one item, COD payment.","Create_Customer_Order","/v1/orders","POST","{""url"": ""https://api.example-shop.com/v1/orders"", ""body"": {""customer_id"": ""cust_002"", ""items"": [{""product_id"": ""prod_GAMMA"", ""quantity"": 1}], ""shipping_address"": {""line1"": ""123 Main Street"", ""city"": ""Springfield"", ""state"": ""IL"", ""postal_code"": ""62701"", ""country"": ""US""}, ""payment"": {""method"": ""cod""}}, ""method"": ""POST"", ""headers"": {""Content-Type"": ""application/json"", ""Authorization"": ""Bearer test_api_key_123""}, ""query_parameters"": {}}","{""status"": ""created"", ""message"": ""Order created, awaiting cash payment on delivery."", ""order_id"": ""ord_20251201_0001"", ""total_amount"": 1200, ""currency"": ""USD"", ""items"": [{""product_id"": ""prod_GAMMA"", ""quantity"": 1, ""price"": 1200}], ""estimated_delivery"": ""2025-12-08""}","valid","valid_flow","Standard valid order creation with Cash on Delivery (COD) payment."
"Can you process an order for cust_456, two items, UPI payment to a specific ID?","Create_Customer_Order","/v1/orders","POST","{""url"": ""https://api.example-shop.com/v1/orders"", ""body"": {""customer_id"": ""cust_456"", ""items"": [{""product_id"": ""prod_DELTA"", ""quantity"": 3}, {""product_id"": ""prod_EPSILON"", ""quantity"": 1}], ""shipping_address"": {""line1"": ""Flat 7, Green Apartments"", ""city"": ""Mumbai"", ""state"": ""MH"", ""postal_code"": ""400001"", ""country"": ""IN""}, ""payment"": {""method"": ""upi"", ""upi_id"": ""john.doe@bankupi""}}, ""method"": ""POST"", ""headers"": {""Content-Type"": ""application/json"", ""Authorization"": ""Bearer test_api_key_123""}, ""query_parameters"": {}}","{""status"": ""pending_payment"", ""message"": ""Order created. Awaiting UPI payment confirmation."", ""currency"": ""INR"", ""order_id"": ""ord_20251201_0002"", ""total_amount"": 4500, ""estimated_delivery"": ""2025-12-09"", ""items"": [{""product_id"": ""prod_DELTA"", ""quantity"": 3, ""price"": 1000}, {""product_id"": ""prod_EPSILON"", ""quantity"": 1, ""price"": 1500}]}","valid","valid_flow","Valid order creation with UPI payment method."
"Initiate order for cust_999, netbanking payment, multiple items, with a null line2 address.","Create_Customer_Order","/v1/orders","POST","{""url"": ""https://api.example-shop.com/v1/orders"", ""body"": {""customer_id"": ""cust_999"", ""items"": [{""product_id"": ""prod_ZETA"", ""quantity"": 2}, {""product_id"": ""prod_ETA"", ""quantity"": 1}], ""shipping_address"": {""line1"": ""Unit 5, Tech Park"", ""line2"": null, ""city"": ""Bengaluru"", ""state"": ""KA"", ""postal_code"": ""560000"", ""country"": ""IN""}, ""payment"": {""method"": ""netbanking"", ""netbanking_id"": ""nb_user_id_123""}}, ""method"": ""POST"", ""headers"": {""Content-Type"": ""application/json"", ""Authorization"": ""Bearer test_api_key_123""}, ""query_parameters"": {}}","{""status"": ""created"", ""message"": ""Order created and payment initiated via netbanking."", ""currency"": ""INR"", ""order_id"": ""ord_20251201_0003"", ""total_amount"": 5000, ""estimated_delivery"": ""2025-12-10"", ""items"": [{""product_id"": ""prod_ZETA"", ""quantity"": 2, ""price"": 1500}, {""product_id"": ""prod_ETA"", ""quantity"": 1, ""price"": 2000}]}","valid","valid_flow","Valid order with netbanking payment and an explicit null for line2."
"creaet ordr for customer test_user_007, one item, card payment, no notes.","Create_Customer_Order","/v1/orders","POST","{""url"": ""https://api.example-shop.com/v1/orders"", ""body"": {""customer_id"": ""test_user_007"", ""items"": [{""product_id"": ""prod_THETA"", ""quantity"": 1}], ""shipping_address"": {""line1"": ""7 Bond Street"", ""city"": ""London"", ""state"": ""ENG"", ""postal_code"": ""W1S 2AA"", ""country"": ""GB""}, ""payment"": {""method"": ""card"", ""card_token"": ""tok_test_card_007""}, ""notes"": null}, ""method"": ""POST"", ""headers"": {""Content-Type"": ""application/json"", ""Authorization"": ""Bearer test_api_key_123""}, ""query_parameters"": {}}","{""status"": ""created"", ""message"": ""Order created and payment authorized."", ""order_id"": ""ord_20251201_0004"", ""total_amount"": 800, ""currency"": ""GBP"", ""items"": [{""product_id"": ""prod_THETA"", ""quantity"": 1, ""price"": 800}], ""estimated_delivery"": ""2025-12-07""}","valid","typo","Valid order with a typo in the query and an explicit null for notes field."
"Book an item for cust_buyer_A, pay by UPI, to an address with special characters in line1, in simulation.","Create_Customer_Order","/v1/orders","POST","{""url"": ""https://api.example-shop.com/v1/orders"", ""body"": {""customer_id"": ""cust_buyer_A"", ""items"": [{""product_id"": ""prod_IOTA"", ""quantity"": 1}], ""shipping_address"": {""line1"": ""123 Test St. #APT!@#"", ""city"": ""Testville"", ""state"": ""TS"", ""postal_code"": ""12345"", ""country"": ""US""}, ""payment"": {""method"": ""upi"", ""upi_id"": ""special.user@upi""}}, ""method"": ""POST"", ""headers"": {""Content-Type"": ""application/json"", ""Authorization"": ""Bearer test_api_key_123""}, ""query_parameters"": {""simulate"": ""true""}}","{""valid"": true, ""message"": ""Order simulation successful."", ""simulation"": true, ""total_amount"": 900, ""currency"": ""USD""}","edge","boundary","Simulated order with special characters in the shipping address line1 field, which should be harmless."
"Process a new order for cust_X01, COD payment, with an empty string for line2.","Create_Customer_Order","/v1/orders","POST","{""url"": ""https://api.example-shop.com/v1/orders"", ""body"": {""customer_id"": ""cust_X01"", ""items"": [{""product_id"": ""prod_KAPPA"", ""quantity"": 1}], ""shipping_address"": {""line1"": ""456 Empty Lane"", ""line2"": """", ""city"": ""Nowhere"", ""state"": ""NV"", ""postal_code"": ""89001"", ""country"": ""US""}, ""payment"": {""method"": ""cod""}}, ""method"": ""POST"", ""headers"": {""Content-Type"": ""application/json"", ""Authorization"": ""Bearer test_api_key_123""}, ""query_parameters"": {}}","{""status"": ""created"", ""message"": ""Order created, awaiting cash payment on delivery."", ""order_id"": ""ord_20251201_0005"", ""total_amount"": 600, ""currency"": ""USD"", ""items"": [{""product_id"": ""prod_KAPPA"", ""quantity"": 1, ""price"": 600}], ""estimated_delivery"": ""2025-12-11""}","edge","boundary","Order with an empty string for the optional 'line2' field."
"Create order for cust_long_id_test, single item, netbanking, with a very long customer ID.","Create_Customer_Order","/v1/orders","POST","{""url"": ""https://api.example-shop.com/v1/orders"", ""body"": {""customer_id"": ""cust_long_id_test_abcdefghijklmnopqrstuvwxyzABCDEFGHIJKLMNOPQRSTUVWXYZ0123456789_abcdefghijklmnopqrstuvwxyzABCDEFGHIJKLMNOPQRSTUVWXYZ0123456789"", ""items"": [{""product_id"": ""prod_MU"", ""quantity"": 1}], ""shipping_address"": {""line1"": ""1 Long Street"", ""city"": ""Extended"", ""state"": ""EX"", ""postal_code"": ""12345-6789"", ""country"": ""US""}, ""payment"": {""method"": ""netbanking"", ""netbanking_id"": ""long.netbanking.user.id.test.1234567890""}}, ""method"": ""POST"", ""headers"": {""Content-Type"": ""application/json"", ""Authorization"": ""Bearer test_api_key_123""}, ""query_parameters"": {}}","{""status"": ""created"", ""message"": ""Order created and payment initiated via netbanking."", ""currency"": ""USD"", ""order_id"": ""ord_20251201_0006"", ""total_amount"": 1100, ""estimated_delivery"": ""2025-12-12"", ""items"": [{""product_id"": ""prod_MU"", ""quantity"": 1, ""price"": 1100}]}","edge","boundary","Order with an unusually long customer_id and netbanking_id to test string length handling."
"Create a purchase for cust_standard_buy, pay with card.","Create_Customer_Order","/v1/orders","POST","{""url"": ""https://api.example-shop.com/v1/orders"", ""body"": {""customer_id"": ""cust_standard_buy"", ""items"": [{""product_id"": ""prod_NU"", ""quantity"": 1}], ""shipping_address"": {""line1"": ""200 Market Street"", ""city"": ""Philadelphia"", ""state"": ""PA"", ""postal_code"": ""19106"", ""country"": ""US""}, ""payment"": {""method"": ""card"", ""card_token"": ""tok_test_card_std""}}, ""method"": ""POST"", ""headers"": {""Content-Type"": ""application/json"", ""Authorization"": ""Bearer test_api_key_123""}, ""query_parameters"": {}}","{""status"": ""created"", ""message"": ""Order created and payment authorized."", ""order_id"": ""ord_20251201_0007"", ""total_amount"": 750, ""currency"": ""USD"", ""items"": [{""product_id"": ""prod_NU"", ""quantity"": 1, ""price"": 750}], ""estimated_delivery"": ""2025-12-08""}","valid","paraphrase","Standard valid order creation using 'purchase' as a paraphrase for 'order'."
"Generate an order for cust_simulate_fail, with a very high quantity that should fail in simulation.","Create_Customer_Order","/v1/orders","POST","{""url"": ""https://api.example-shop.com/v1/orders"", ""body"": {""customer_id"": ""cust_simulate_fail"", ""items"": [{""product_id"": ""prod_FAIL_STOCK"", ""quantity"": 9999}], ""shipping_address"": {""line1"": ""555 Test Avenue"", ""city"": ""Simulator"", ""state"": ""SM"", ""postal_code"": ""00000"", ""country"": ""US""}, ""payment"": {""method"": ""card"", ""card_token"": ""tok_sim_fail_card""}}, ""method"": ""POST"", ""headers"": {""Content-Type"": ""application/json"", ""Authorization"": ""Bearer test_api_key_123""}, ""query_parameters"": {""simulate"": ""true""}}","{""valid"": false, ""errors"": [""Insufficient stock for product prod_FAIL_STOCK. Available: 50, requested: 9999""], ""simulation"": true}","edge","boundary","Simulated order designed to fail due to insufficient stock, testing the simulation error path."
"Create an order for cust_invalid_qty, try to use a quantity of 0.","Create_Customer_Order","/v1/orders","POST","{""url"": ""https://api.example-shop.com/v1/orders"", ""body"": {""customer_id"": ""cust_invalid_qty"", ""items"": [{""product_id"": ""prod_PI"", ""quantity"": 0}], ""shipping_address"": {""line1"": ""1 Invalid Way"", ""city"": ""Broken"", ""state"": ""BR"", ""postal_code"": ""00000"", ""country"": ""US""}, ""payment"": {""method"": ""cod""}}, ""method"": ""POST"", ""headers"": {""Content-Type"": ""application/json"", ""Authorization"": ""Bearer test_api_key_123""}, ""query_parameters"": {}}","{""error_code"": ""VALIDATION_ERROR"", ""message"": ""Invalid request payload."", ""details"": [{""field"": ""items[0].quantity"", ""message"": ""Value must be greater than or equal to 1.""}]}","extreme","error_case","Attempt to create an order with an item quantity of 0, violating the 'minimum: 1' schema rule."
"Order for cust_min_item_1, one item, quantity 1, UPI.","Create_Customer_Order","/v1/orders","POST","{""url"": ""https://api.example-shop.com/v1/orders"", ""body"": {""customer_id"": ""cust_min_item_1"", ""items"": [{""product_id"": ""prod_RHO"", ""quantity"": 1}], ""shipping_address"": {""line1"": ""1 Minimal St"", ""city"": ""Smalltown"", ""state"": ""MN"", ""postal_code"": ""55001"", ""country"": ""US""}, ""payment"": {""method"": ""upi"", ""upi_id"": ""minimal@upi""}}, ""method"": ""POST"", ""headers"": {""Content-Type"": ""application/json"", ""Authorization"": ""Bearer test_api_key_123""}, ""query_parameters"": {}}","{""status"": ""pending_payment"", ""message"": ""Order created. Awaiting UPI payment confirmation."", ""currency"": ""USD"", ""order_id"": ""ord_20251201_0008"", ""total_amount"": 250, ""estimated_delivery"": ""2025-12-09"", ""items"": [{""product_id"": ""prod_RHO"", ""quantity"": 1, ""price"": 250}]}","edge","boundary","Order with the minimum allowed items (1) and minimum quantity (1)."
"I need to order for customer ID C, pay with card, shipping to CA, USA.","Create_Customer_Order","/v1/orders","POST","{""url"": ""https://api.example-shop.com/v1/orders"", ""body"": {""customer_id"": ""C"", ""items"": [{""product_id"": ""P"", ""quantity"": 1}], ""shipping_address"": {""line1"": ""1 C St"", ""city"": ""Cville"", ""state"": ""CA"", ""postal_code"": ""90001"", ""country"": ""US""}, ""payment"": {""method"": ""card"", ""card_token"": ""tok_1_char_card""}}, ""method"": ""POST"", ""headers"": {""Content-Type"": ""application/json"", ""Authorization"": ""Bearer test_api_key_123""}, ""query_parameters"": {}}","{""status"": ""created"", ""message"": ""Order created and payment authorized."", ""order_id"": ""ord_20251201_0009"", ""total_amount"": 100, ""currency"": ""USD"", ""items"": [{""product_id"": ""P"", ""quantity"": 1, ""price"": 100}], ""estimated_delivery"": ""2025-12-08""}","edge","boundary","Order with all string fields (customer_id, product_id, address fields, card_token) at their minimum length of 1 character."
"Order for cust_10, netbanking, 1 item.","Create_Customer_Order","/v1/orders","POST","{""url"": ""https://api.example-shop.com/v1/orders"", ""body"": {""customer_id"": ""cust_10"", ""items"": [{""product_id"": ""prod_SIGMA"", ""quantity"": 1}], ""shipping_address"": {""line1"": ""10 Bank Road"", ""city"": ""Finance City"", ""state"": ""FC"", ""postal_code"": ""10101"", ""country"": ""US""}, ""payment"": {""method"": ""netbanking"", ""netbanking_id"": ""nb_id_10""}}, ""method"": ""POST"", ""headers"": {""Content-Type"": ""application/json"", ""Authorization"": ""Bearer test_api_key_123""}, ""query_parameters"": {}}","{""status"": ""created"", ""message"": ""Order created and payment initiated via netbanking."", ""currency"": ""USD"", ""order_id"": ""ord_20251201_0010"", ""total_amount"": 1300, ""estimated_delivery"": ""2025-12-10"", ""items"": [{""product_id"": ""prod_SIGMA"", ""quantity"": 1, ""price"": 1300}]}","valid","valid_flow","Valid order with netbanking payment."
"Place an order for cust_11, COD payment, 2 items.","Create_Customer_Order","/v1/orders","POST","{""url"": ""https://api.example-shop.com/v1/orders"", ""body"": {""customer_id"": ""cust_11"", ""items"": [{""product_id"": ""prod_TAU"", ""quantity"": 2}, {""product_id"": ""prod_UPSILON"", ""quantity"": 1}], ""shipping_address"": {""line1"": ""11 Delivery Street"", ""city"": ""Shipville"", ""state"": ""SH"", ""postal_code"": ""20202"", ""country"": ""CA""}, ""payment"": {""method"": ""cod""}}, ""method"": ""POST"", ""headers"": {""Content-Type"": ""application/json"", ""Authorization"": ""Bearer test_api_key_123""}, ""query_parameters"": {}}","{""status"": ""created"", ""message"": ""Order created, awaiting cash payment on delivery."", ""order_id"": ""ord_20251201_0011"", ""total_amount"": 2800, ""currency"": ""CAD"", ""items"": [{""product_id"": ""prod_TAU"", ""quantity"": 2, ""price"": 900}, {""product_id"": ""prod_UPSILON"", ""quantity"": 1, ""price"": 1000}], ""estimated_delivery"": ""2025-12-12""}","valid","valid_flow","Valid order with COD payment and two items."
"Create an order for cust_12, UPI payment, 1 item, to an address in Australia.","Create_Customer_Order","/v1/orders","POST","{""url"": ""https://api.example-shop.com/v1/orders"", ""body"": {""customer_id"": ""cust_12"", ""items"": [{""product_id"": ""prod_PHI"", ""quantity"": 1}], ""shipping_address"": {""line1"": ""12 Sydney Road"", ""city"": ""Sydney"", ""state"": ""NSW"", ""postal_code"": ""2000"", ""country"": ""AU""}, ""payment"": {""method"": ""upi"", ""upi_id"": ""aussie.user@upi""}}, ""method"": ""POST"", ""headers"": {""Content-Type"": ""application/json"", ""Authorization"": ""Bearer test_api_key_123""}, ""query_parameters"": {}}","{""status"": ""pending_payment"", ""message"": ""Order created. Awaiting UPI payment confirmation."", ""currency"": ""AUD"", ""order_id"": ""ord_20251201_0012"", ""total_amount"": 150, ""estimated_delivery"": ""2025-12-13"", ""items"": [{""product_id"": ""prod_PHI"", ""quantity"": 1, ""price"": 150}]}","valid","valid_flow","Valid order with UPI payment to an international address."
"Add new order for cust_13, card payment, 3 items, simulate true.","Create_Customer_Order","/v1/orders","POST","{""url"": ""https://api.example-shop.com/v1/orders"", ""body"": {""customer_id"": ""cust_13"", ""items"": [{""product_id"": ""prod_CHI"", ""quantity"": 1}, {""product_id"": ""prod_PSI"", ""quantity"": 1}, {""product_id"": ""prod_OMEGA"", ""quantity"": 1}], ""shipping_address"": {""line1"": ""13 Simulation Drive"", ""city"": ""Testland"", ""state"": ""TL"", ""postal_code"": ""98765"", ""country"": ""US""}, ""payment"": {""method"": ""card"", ""card_token"": ""tok_sim_card_13""}}, ""method"": ""POST"", ""headers"": {""Content-Type"": ""application/json"", ""Authorization"": ""Bearer test_api_key_123""}, ""query_parameters"": {""simulate"": ""true""}}","{""valid"": true, ""message"": ""Order simulation successful."", ""simulation"": true, ""total_amount"": 3000, ""currency"": ""USD""}","valid","valid_flow","Valid order with card payment, multiple items, and simulation mode enabled."
"Make an order for cust_14, netbanking, with an empty notes field.","Create_Customer_Order","/v1/orders","POST","{""url"": ""https://api.example-shop.com/v1/orders"", ""body"": {""customer_id"": ""cust_14"", ""items"": [{""product_id"": ""prod_A1A"", ""quantity"": 1}], ""shipping_address"": {""line1"": ""14 Notes-Free Lane"", ""city"": ""Quiet Town"", ""state"": ""QT"", ""postal_code"": ""11111"", ""country"": ""US""}, ""payment"": {""method"": ""netbanking"", ""netbanking_id"": ""nb_id_14""}, ""notes"": """"}, ""method"": ""POST"", ""headers"": {""Content-Type"": ""application/json"", ""Authorization"": ""Bearer test_api_key_123""}, ""query_parameters"": {}}","{""status"": ""created"", ""message"": ""Order created and payment initiated via netbanking."", ""currency"": ""USD"", ""order_id"": ""ord_20251201_0013"", ""total_amount"": 500, ""estimated_delivery"": ""2025-12-10"", ""items"": [{""product_id"": ""prod_A1A"", ""quantity"": 1, ""price"": 500}]}","edge","boundary","Order with an empty string for the optional 'notes' field."
"Submit order for cust_15, COD, with a very long address line1, but no line2.","Create_Customer_Order","/v1/orders","POST","{""url"": ""https://api.example-shop.com/v1/orders"", ""body"": {""customer_id"": ""cust_15"", ""items"": [{""product_id"": ""prod_B2B"", ""quantity"": 1}], ""shipping_address"": {""line1"": ""This is an extremely long address line one to test the maximum character limit for this field and ensure that it can handle extensive street names or descriptions without any issues or truncation. It should be processed correctly by the API for validation purposes."", ""city"": ""Longtown"", ""state"": ""LT"", ""postal_code"": ""54321"", ""country"": ""US""}, ""payment"": {""method"": ""cod""}}, ""method"": ""POST"", ""headers"": {""Content-Type"": ""application/json"", ""Authorization"": ""Bearer test_api_key_123""}, ""query_parameters"": {}}","{""status"": ""created"", ""message"": ""Order created, awaiting cash payment on delivery."", ""order_id"": ""ord_20251201_0014"", ""total_amount"": 700, ""currency"": ""USD"", ""items"": [{""product_id"": ""prod_B2B"", ""quantity"": 1, ""price"": 700}], ""estimated_delivery"": ""2025-12-15""}","edge","boundary","Order with a very long string in the 'shipping_address.line1' field."
"Place an order for cust_wrong_type_qty, using a string for quantity.","Create_Customer_Order","/v1/orders","POST","{""url"": ""https://api.example-shop.com/v1/orders"", ""body"": {""customer_id"": ""cust_wrong_type_qty"", ""items"": [{""product_id"": ""prod_WRONG"", ""quantity"": ""one""}], ""shipping_address"": {""line1"": ""1 Type Error Rd"", ""city"": ""Badville"", ""state"": ""BT"", ""postal_code"": ""00000"", ""country"": ""US""}, ""payment"": {""method"": ""card"", ""card_token"": ""tok_wrong_type""}}, ""method"": ""POST"", ""headers"": {""Content-Type"": ""application/json"", ""Authorization"": ""Bearer test_api_key_123""}, ""query_parameters"": {}}","{""error_code"": ""VALIDATION_ERROR"", ""message"": ""Invalid request payload."", ""details"": [{""field"": ""items[0].quantity"", ""message"": ""Expected type integer, found string.""}]}","extreme","error_case","Attempt to use a string for 'quantity' field instead of an integer, violating schema type."
"Order for cust_16, card payment, 1 item.","Create_Customer_Order","/v1/orders","POST","{""url"": ""https://api.example-shop.com/v1/orders"", ""body"": {""customer_id"": ""cust_16"", ""items"": [{""product_id"": ""prod_C3C"", ""quantity"": 1}], ""shipping_address"": {""line1"": ""16 Card Street"", ""city"": ""Cardville"", ""state"": ""CD"", ""postal_code"": ""33333"", ""country"": ""US""}, ""payment"": {""method"": ""card"", ""card_token"": ""tok_test_card_16""}}, ""method"": ""POST"", ""headers"": {""Content-Type"": ""application/json"", ""Authorization"": ""Bearer test_api_key_123""}, ""query_parameters"": {}}","{""status"": ""created"", ""message"": ""Order created and payment authorized."", ""order_id"": ""ord_20251201_0015"", ""total_amount"": 850, ""currency"": ""USD"", ""items"": [{""product_id"": ""prod_C3C"", ""quantity"": 1, ""price"": 850}], ""estimated_delivery"": ""2025-12-09""}","valid","valid_flow","Standard valid order with card payment."
"Make an order for cust_17, UPI, 2 items.","Create_Customer_Order","/v1/orders","POST","{""url"": ""https://api.example-shop.com/v1/orders"", ""body"": {""customer_id"": ""cust_17"", ""items"": [{""product_id"": ""prod_D4D"", ""quantity"": 1}, {""product_id"": ""prod_E5E"", ""quantity"": 1}], ""shipping_address"": {""line1"": ""17 UPI Lane"", ""city"": ""Upi City"", ""state"": ""UP"", ""postal_code"": ""44444"", ""country"": ""IN""}, ""payment"": {""method"": ""upi"", ""upi_id"": ""cust17@upi""}}, ""method"": ""POST"", ""headers"": {""Content-Type"": ""application/json"", ""Authorization"": ""Bearer test_api_key_123""}, ""query_parameters"": {}}","{""status"": ""pending_payment"", ""message"": ""Order created. Awaiting UPI payment confirmation."", ""currency"": ""INR"", ""order_id"": ""ord_20251201_0016"", ""total_amount"": 2100, ""estimated_delivery"": ""2025-12-10"", ""items"": [{""product_id"": ""prod_D4D"", ""quantity"": 1, ""price"": 1000}, {""product_id"": ""prod_E5E"", ""quantity"": 1, ""price"": 1100}]}","valid","valid_flow","Valid order with UPI payment and two items."
"Process order for cust_18, netbanking, 1 item, with notes.","Create_Customer_Order","/v1/orders","POST","{""url"": ""https://api.example-shop.com/v1/orders"", ""body"": {""customer_id"": ""cust_18"", ""items"": [{""product_id"": ""prod_F6F"", ""quantity"": 1}], ""shipping_address"": {""line1"": ""18 Bank Street"", ""city"": ""Netbank City"", ""state"": ""NB"", ""postal_code"": ""55555"", ""country"": ""US""}, ""payment"": {""method"": ""netbanking"", ""netbanking_id"": ""nb_id_18""}, ""notes"": ""Deliver after 5 PM.""}, ""method"": ""POST"", ""headers"": {""Content-Type"": ""application/json"", ""Authorization"": ""Bearer test_api_key_123""}, ""query_parameters"": {}}","{""status"": ""created"", ""message"": ""Order created and payment initiated via netbanking."", ""currency"": ""USD"", ""order_id"": ""ord_20251201_0017"", ""total_amount"": 950, ""estimated_delivery"": ""2025-12-11"", ""items"": [{""product_id"": ""prod_F6F"", ""quantity"": 1, ""price"": 950}]}","valid","valid_flow","Valid order with netbanking payment and delivery notes."
"New order for cust_19, COD, 1 item, with line2 address.","Create_Customer_Order","/v1/orders","POST","{""url"": ""https://api.example-shop.com/v1/orders"", ""body"": {""customer_id"": ""cust_19"", ""items"": [{""product_id"": ""prod_G7G"", ""quantity"": 1}], ""shipping_address"": {""line1"": ""19 COD Plaza"", ""line2"": ""Apartment 101"", ""city"": ""Cashville"", ""state"": ""CV"", ""postal_code"": ""66666"", ""country"": ""US""}, ""payment"": {""method"": ""cod""}}, ""method"": ""POST"", ""headers"": {""Content-Type"": ""application/json"", ""Authorization"": ""Bearer test_api_key_123""}, ""query_parameters"": {}}","{""status"": ""created"", ""message"": ""Order created, awaiting cash payment on delivery."", ""order_id"": ""ord_20251201_0018"", ""total_amount"": 650, ""currency"": ""USD"", ""items"": [{""product_id"": ""prod_G7G"", ""quantity"": 1, ""price"": 650}], ""estimated_delivery"": ""2025-12-12""}","valid","valid_flow","Valid order with COD payment and a second address line."
"Create order for cust_20, card, 1 item, simulate=true, high quantity.","Create_Customer_Order","/v1/orders","POST","{""url"": ""https://api.example-shop.com/v1/orders"", ""body"": {""customer_id"": ""cust_20"", ""items"": [{""product_id"": ""prod_H8H"", ""quantity"": 500}], ""shipping_address"": {""line1"": ""20 Test Road"", ""city"": ""Simulate"", ""state"": ""SM"", ""postal_code"": ""77777"", ""country"": ""US""}, ""payment"": {""method"": ""card"", ""card_token"": ""tok_sim_card_20""}}, ""method"": ""POST"", ""headers"": {""Content-Type"": ""application/json"", ""Authorization"": ""Bearer test_api_key_123""}, ""query_parameters"": {""simulate"": ""true""}}","{""valid"": false, ""errors"": [""Insufficient stock for product prod_H8H. Available: 100, requested: 500""], ""simulation"": true}","valid","valid_flow","Valid request structure, but expected to fail in simulation due to high quantity and stock limits."
"Order for cust_invalid_enum, using an unsupported payment method.","Create_Customer_Order","/v1/orders","POST","{""url"": ""https://api.example-shop.com/v1/orders"", ""body"": {""customer_id"": ""cust_invalid_enum"", ""items"": [{""product_id"": ""prod_ENUM_FAIL"", ""quantity"": 1}], ""shipping_address"": {""line1"": ""1 Enum Error Rd"", ""city"": ""Invalid"", ""state"": ""IE"", ""postal_code"": ""00000"", ""country"": ""US""}, ""payment"": {""method"": ""crypto""}}, ""method"": ""POST"", ""headers"": {""Content-Type"": ""application/json"", ""Authorization"": ""Bearer test_api_key_123""}, ""query_parameters"": {}}","{""error_code"": ""VALIDATION_ERROR"", ""message"": ""Invalid request payload."", ""details"": [{""field"": ""payment.method"", ""message"": ""Value 'crypto' is not a valid enum member. Expected one of: card, netbanking, upi, cod.""}]}","extreme","error_case","Attempt to use an invalid enum value for 'payment.method'."
"Create order for cust_21, UPI, 1 item.","Create_Customer_Order","/v1/orders","POST","{""url"": ""https://api.example-shop.com/v1/orders"", ""body"": {""customer_id"": ""cust_21"", ""items"": [{""product_id"": ""prod_I9I"", ""quantity"": 1}], ""shipping_address"": {""line1"": ""21 UPI Road"", ""city"": ""Paytown"", ""state"": ""PY"", ""postal_code"": ""88888"", ""country"": ""IN""}, ""payment"": {""method"": ""upi"", ""upi_id"": ""cust21@upi""}}, ""method"": ""POST"", ""headers"": {""Content-Type"": ""application/json"", ""Authorization"": ""Bearer test_api_key_123""}, ""query_parameters"": {}}","{""status"": ""pending_payment"", ""message"": ""Order created. Awaiting UPI payment confirmation."", ""currency"": ""INR"", ""order_id"": ""ord_20251201_0019"", ""total_amount"": 1200, ""estimated_delivery"": ""2025-12-10"", ""items"": [{""product_id"": ""prod_I9I"", ""quantity"": 1, ""price"": 1200}]}","valid","valid_flow","Valid order with UPI payment."
"Place order for cust_22, netbanking, 1 item.","Create_Customer_Order","/v1/orders","POST","{""url"": ""https://api.example-shop.com/v1/orders"", ""body"": {""customer_id"": ""cust_22"", ""items"": [{""product_id"": ""prod_J0J"", ""quantity"": 1}], ""shipping_address"": {""line1"": ""22 Netbank Drive"", ""city"": ""Bankville"", ""state"": ""BK"", ""postal_code"": ""99999"", ""country"": ""US""}, ""payment"": {""method"": ""netbanking"", ""netbanking_id"": ""nb_id_22""}}, ""method"": ""POST"", ""headers"": {""Content-Type"": ""application/json"", ""Authorization"": ""Bearer test_api_key_123""}, ""query_parameters"": {}}","{""status"": ""created"", ""message"": ""Order created and payment initiated via netbanking."", ""currency"": ""USD"", ""order_id"": ""ord_20251201_0020"", ""total_amount"": 1000, ""estimated_delivery"": ""2025-12-11"", ""items"": [{""product_id"": ""prod_J0J"", ""quantity"": 1, ""price"": 1000}]}","valid","valid_flow","Valid order with netbanking payment."
"Order for cust_23, COD, 1 item.","Create_Customer_Order","/v1/orders","POST","{""url"": ""https://api.example-shop.com/v1/orders"", ""body"": {""customer_id"": ""cust_23"", ""items"": [{""product_id"": ""prod_K1K"", ""quantity"": 1}], ""shipping_address"": {""line1"": ""23 Cash Street"", ""city"": ""COD Town"", ""state"": ""CO"", ""postal_code"": ""10001"", ""country"": ""US""}, ""payment"": {""method"": ""cod""}}, ""method"": ""POST"", ""headers"": {""Content-Type"": ""application/json"", ""Authorization"": ""Bearer test_api_key_123""}, ""query_parameters"": {}}","{""status"": ""created"", ""message"": ""Order created, awaiting cash payment on delivery."", ""order_id"": ""ord_20251201_0021"", ""total_amount"": 700, ""currency"": ""USD"", ""items"": [{""product_id"": ""prod_K1K"", ""quantity"": 1, ""price"": 700}], ""estimated_delivery"": ""2025-12-12""}","valid","valid_flow","Valid order with COD payment."
"Create an order for cust_24, card, 2 items.","Create_Customer_Order","/v1/orders","POST","{""url"": ""https://api.example-shop.com/v1/orders"", ""body"": {""customer_id"": ""cust_24"", ""items"": [{""product_id"": ""prod_L2L"", ""quantity"": 1}, {""product_id"": ""prod_M3M"", ""quantity"": 1}], ""shipping_address"": {""line1"": ""24 Card Lane"", ""city"": ""Creditville"", ""state"": ""CR"", ""postal_code"": ""20002"", ""country"": ""US""}, ""payment"": {""method"": ""card"", ""card_token"": ""tok_test_card_24""}}, ""method"": ""POST"", ""headers"": {""Content-Type"": ""application/json"", ""Authorization"": ""Bearer test_api_key_123""}, ""query_parameters"": {}}","{""status"": ""created"", ""message"": ""Order created and payment authorized."", ""order_id"": ""ord_20251201_0022"", ""total_amount"": 1900, ""currency"": ""USD"", ""items"": [{""product_id"": ""prod_L2L"", ""quantity"": 1, ""price"": 900}, {""product_id"": ""prod_M3M"", ""quantity"": 1, ""price"": 1000}], ""estimated_delivery"": ""2025-12-09""}","valid","valid_flow","Valid order with card payment and two items."
"Submit order for cust_25, UPI, 2 items, simulate=true.","Create_Customer_Order","/v1/orders","POST","{""url"": ""https://api.example-shop.com/v1/orders"", ""body"": {""customer_id"": ""cust_25"", ""items"": [{""product_id"": ""prod_N4N"", ""quantity"": 1}, {""product_id"": ""prod_O5O"", ""quantity"": 1}], ""shipping_address"": {""line1"": ""25 Simulate St"", ""city"": ""Test City"", ""state"": ""TS"", ""postal_code"": ""30003"", ""country"": ""US""}, ""payment"": {""method"": ""upi"", ""upi_id"": ""cust25@upi""}}, ""method"": ""POST"", ""headers"": {""Content-Type"": ""application/json"", ""Authorization"": ""Bearer test_api_key_123""}, ""query_parameters"": {""simulate"": ""true""}}","{""valid"": true, ""message"": ""Order simulation successful."", ""simulation"": true, ""total_amount"": 2200, ""currency"": ""USD""}","valid","valid_flow","Valid order with UPI payment and simulation mode enabled."
"Order for cust_26, netbanking, 1 item, to an address in Germany.","Create_Customer_Order","/v1/orders","POST","{""url"": ""https://api.example-shop.com/v1/orders"", ""body"": {""customer_id"": ""cust_26"", ""items"": [{""product_id"": ""prod_P6P"", ""quantity"": 1}], ""shipping_address"": {""line1"": ""26 Berliner Allee"", ""city"": ""Berlin"", ""state"": ""BE"", ""postal_code"": ""10115"", ""country"": ""DE""}, ""payment"": {""method"": ""netbanking"", ""netbanking_id"": ""nb_id_26""}}, ""method"": ""POST"", ""headers"": {""Content-Type"": ""application/json"", ""Authorization"": ""Bearer test_api_key_123""}, ""query_parameters"": {}}","{""status"": ""created"", ""message"": ""Order created and payment initiated via netbanking."", ""currency"": ""EUR"", ""order_id"": ""ord_20251201_0023"", ""total_amount"": 120, ""estimated_delivery"": ""2025-12-13"", ""items"": [{""product_id"": ""prod_P6P"", ""quantity"": 1, ""price"": 120}]}","valid","valid_flow","Valid order with netbanking payment to an international address."
"Create order for cust_27, COD, 3 items.","Create_Customer_Order","/v1/orders","POST","{""url"": ""https://api.example-shop.com/v1/orders"", ""body"": {""customer_id"": ""cust_27"", ""items"": [{""product_id"": ""prod_Q7Q"", ""quantity"": 1}, {""product_id"": ""prod_R8R"", ""quantity"": 2}, {""product_id"": ""prod_S9S"", ""quantity"": 1}], ""shipping_address"": {""line1"": ""27 COD Avenue"", ""city"": ""Deliverytown"", ""state"": ""DL"", ""postal_code"": ""40004"", ""country"": ""US""}, ""payment"": {""method"": ""cod""}}, ""method"": ""POST"", ""headers"": {""Content-Type"": ""application/json"", ""Authorization"": ""Bearer test_api_key_123""}, ""query_parameters"": {}}","{""status"": ""created"", ""message"": ""Order created, awaiting cash payment on delivery."", ""order_id"": ""ord_20251201_0024"", ""total_amount"": 3800, ""currency"": ""USD"", ""items"": [{""product_id"": ""prod_Q7Q"", ""quantity"": 1, ""price"": 800}, {""product_id"": ""prod_R8R"", ""quantity"": 2, ""price"": 1000}, {""product_id"": ""prod_S9S"", ""quantity"": 1, ""price"": 1000}], ""estimated_delivery"": ""2025-12-14""}","valid","valid_flow","Valid order with COD payment and multiple items."
"Order for cust_28, card, 1 item, with notes.","Create_Customer_Order","/v1/orders","POST","{""url"": ""https://api.example-shop.com/v1/orders"", ""body"": {""customer_id"": ""cust_28"", ""items"": [{""product_id"": ""prod_T0T"", ""quantity"": 1}], ""shipping_address"": {""line1"": ""28 Card Place"", ""city"": ""Payton"", ""state"": ""PT"", ""postal_code"": ""50005"", ""country"": ""US""}, ""payment"": {""method"": ""card"", ""card_token"": ""tok_test_card_28""}, ""notes"": ""Leave at front desk.""}, ""method"": ""POST"", ""headers"": {""Content-Type"": ""application/json"", ""Authorization"": ""Bearer test_api_key_123""}, ""query_parameters"": {}}","{""status"": ""created"", ""message"": ""Order created and payment authorized."", ""order_id"": ""ord_20251201_0025"", ""total_amount"": 1100, ""currency"": ""USD"", ""items"": [{""product_id"": ""prod_T0T"", ""quantity"": 1, ""price"": 1100}], ""estimated_delivery"": ""2025-12-10""}","valid","valid_flow","Valid order with card payment and delivery notes."
"Submit order for cust_29, UPI, 1 item, to an address in Canada.","Create_Customer_Order","/v1/orders","POST","{""url"": ""https://api.example-shop.com/v1/orders"", ""body"": {""customer_id"": ""cust_29"", ""items"": [{""product_id"": ""prod_U1U"", ""quantity"": 1}], ""shipping_address"": {""line1"": ""29 Maple Street"", ""city"": ""Toronto"", ""state"": ""ON"", ""postal_code"": ""M5V 2H1"", ""country"": ""CA""}, ""payment"": {""method"": ""upi"", ""upi_id"": ""canadian.user@upi""}}, ""method"": ""POST"", ""headers"": {""Content-Type"": ""application/json"", ""Authorization"": ""Bearer test_api_key_123""}, ""query_parameters"": {}}","{""status"": ""pending_payment"", ""message"": ""Order created. Awaiting UPI payment confirmation."", ""currency"": ""CAD"", ""order_id"": ""ord_20251201_0026"", ""total_amount"": 180, ""estimated_delivery"": ""2025-12-11"", ""items"": [{""product_id"": ""prod_U1U"", ""quantity"": 1, ""price"": 180}]}","valid","valid_flow","Valid order with UPI payment to an international address."
"Order for cust_30, netbanking, 2 items.","Create_Customer_Order","/v1/orders","POST","{""url"": ""https://api.example-shop.com/v1/orders"", ""body"": {""customer_id"": ""cust_30"", ""items"": [{""product_id"": ""prod_V2V"", ""quantity"": 1}, {""product_id"": ""prod_W3W"", ""quantity"": 1}], ""shipping_address"": {""line1"": ""30 Financial Road"", ""city"": ""Bankington"", ""state"": ""BN"", ""postal_code"": ""60006"", ""country"": ""US""}, ""payment"": {""method"": ""netbanking"", ""netbanking_id"": ""nb_id_30""}}, ""method"": ""POST"", ""headers"": {""Content-Type"": ""application/json"", ""Authorization"": ""Bearer test_api_key_123""}, ""query_parameters"": {}}","{""status"": ""created"", ""message"": ""Order created and payment initiated via netbanking."", ""currency"": ""USD"", ""order_id"": ""ord_20251201_0027"", ""total_amount"": 2300, ""estimated_delivery"": ""2025-12-12"", ""items"": [{""product_id"": ""prod_V2V"", ""quantity"": 1, ""price"": 1100}, {""product_id"": ""prod_W3W"", ""quantity"": 1, ""price"": 1200}]}","valid","valid_flow","Valid order with netbanking payment and two items."
"Create order for cust_31, COD, 1 item, to a rural address.","Create_Customer_Order","/v1/orders","POST","{""url"": ""https://api.example-shop.com/v1/orders"", ""body"": {""customer_id"": ""cust_31"", ""items"": [{""product_id"": ""prod_X4X"", ""quantity"": 1}], ""shipping_address"": {""line1"": ""31 Farm Road"", ""city"": ""Ruralville"", ""state"": ""RV"", ""postal_code"": ""70007"", ""country"": ""US""}, ""payment"": {""method"": ""cod""}}, ""method"": ""POST"", ""headers"": {""Content-Type"": ""application/json"", ""Authorization"": ""Bearer test_api_key_123""}, ""query_parameters"": {}}","{""status"": ""created"", ""message"": ""Order created, awaiting cash payment on delivery."", ""order_id"": ""ord_20251201_0028"", ""total_amount"": 800, ""currency"": ""USD"", ""items"": [{""product_id"": ""prod_X4X"", ""quantity"": 1, ""price"": 800}], ""estimated_delivery"": ""2025-12-15""}","valid","valid_flow","Valid order with COD payment to a rural address."
"Add an order for cust_32, card, 1 item.","Create_Customer_Order","/v1/orders","POST","{""url"": ""https://api.example-shop.com/v1/orders"", ""body"": {""customer_id"": ""cust_32"", ""items"": [{""product_id"": ""prod_Y5Y"", ""quantity"": 1}], ""shipping_address"": {""line1"": ""32 High Street"", ""city"": ""Metropolis"", ""state"": ""MT"", ""postal_code"": ""80008"", ""country"": ""US""}, ""payment"": {""method"": ""card"", ""card_token"": ""tok_test_card_32""}}, ""method"": ""POST"", ""headers"": {""Content-Type"": ""application/json"", ""Authorization"": ""Bearer test_api_key_123""}, ""query_parameters"": {}}","{""status"": ""created"", ""message"": ""Order created and payment authorized."", ""order_id"": ""ord_20251201_0029"", ""total_amount"": 1000, ""currency"": ""USD"", ""items"": [{""product_id"": ""prod_Y5Y"", ""quantity"": 1, ""price"": 1000}], ""estimated_delivery"": ""2025-12-11""}","valid","valid_flow","Valid order with card payment."
"Process order for cust_33, UPI, 3 items.","Create_Customer_Order","/v1/orders","POST","{""url"": ""https://api.example-shop.com/v1/orders"", ""body"": {""customer_id"": ""cust_33"", ""items"": [{""product_id"": ""prod_Z6Z"", ""quantity"": 1}, {""product_id"": ""prod_A7A"", ""quantity"": 1}, {""product_id"": ""prod_B8B"", ""quantity"": 1}], ""shipping_address"": {""line1"": ""33 UPI Street"", ""city"": ""Digital City"", ""state"": ""DG"", ""postal_code"": ""90009"", ""country"": ""IN""}, ""payment"": {""method"": ""upi"", ""upi_id"": ""cust33@upi""}}, ""method"": ""POST"", ""headers"": {""Content-Type"": ""application/json"", ""Authorization"": ""Bearer test_api_key_123""}, ""query_parameters"": {}}","{""status"": ""pending_payment"", ""message"": ""Order created. Awaiting UPI payment confirmation."", ""currency"": ""INR"", ""order_id"": ""ord_20251201_0030"", ""total_amount"": 3300, ""estimated_delivery"": ""2025-12-12"", ""items"": [{""product_id"": ""prod_Z6Z"", ""quantity"": 1, ""price"": 1000}, {""product_id"": ""prod_A7A"", ""quantity"": 1, ""price"": 1100}, {""product_id"": ""prod_B8B"", ""quantity"": 1, ""price"": 1200}]}","valid","valid_flow","Valid order with UPI payment and three items."
"Create order for cust_34, netbanking, 1 item, simulate=true.","Create_Customer_Order","/v1/orders","POST","{""url"": ""https://api.example-shop.com/v1/orders"", ""body"": {""customer_id"": ""cust_34"", ""items"": [{""product_id"": ""prod_C9C"", ""quantity"": 1}], ""shipping_address"": {""line1"": ""34 Simulate Ave"", ""city"": ""Mockville"", ""state"": ""MK"", ""postal_code"": ""10101"", ""country"": ""US""}, ""payment"": {""method"": ""netbanking"", ""netbanking_id"": ""nb_id_34""}}, ""method"": ""POST"", ""headers"": {""Content-Type"": ""application/json"", ""Authorization"": ""Bearer test_api_key_123""}, ""query_parameters"": {""simulate"": ""true""}}","{""valid"": true, ""message"": ""Order simulation successful."", ""simulation"": true, ""total_amount"": 1300, ""currency"": ""USD""}","valid","valid_flow","Valid order with netbanking payment and simulation mode enabled."
"Order for cust_35, COD, 2 items.","Create_Customer_Order","/v1/orders","POST","{""url"": ""https://api.example-shop.com/v1/orders"", ""body"": {""customer_id"": ""cust_35"", ""items"": [{""product_id"": ""prod_D0D"", ""quantity"": 1}, {""product_id"": ""prod_E1E"", ""quantity"": 1}], ""shipping_address"": {""line1"": ""35 Cash Lane"", ""city"": ""Collectville"", ""state"": ""CL"", ""postal_code"": ""20202"", ""country"": ""US""}, ""payment"": {""method"": ""cod""}}, ""method"": ""POST"", ""headers"": {""Content-Type"": ""application/json"", ""Authorization"": ""Bearer test_api_key_123""}, ""query_parameters"": {}}","{""status"": ""created"", ""message"": ""Order created, awaiting cash payment on delivery."", ""order_id"": ""ord_20251201_0031"", ""total_amount"": 1700, ""currency"": ""USD"", ""items"": [{""product_id"": ""prod_D0D"", ""quantity"": 1, ""price"": 800}, {""product_id"": ""prod_E1E"", ""quantity"": 1, ""price"": 900}], ""estimated_delivery"": ""2025-12-16""}","valid","valid_flow","Valid order with COD payment and two items."
"Create order for cust_36, card, 1 item, to a very short state code.","Create_Customer_Order","/v1/orders","POST","{""url"": ""https://api.example-shop.com/v1/orders"", ""body"": {""customer_id"": ""cust_36"", ""items"": [{""product_id"": ""prod_F2F"", ""quantity"": 1}], ""shipping_address"": {""line1"": ""36 Short State"", ""city"": ""Tinyplace"", ""state"": ""AZ"", ""postal_code"": ""85001"", ""country"": ""US""}, ""payment"": {""method"": ""card"", ""card_token"": ""tok_test_card_36""}}, ""method"": ""POST"", ""headers"": {""Content-Type"": ""application/json"", ""Authorization"": ""Bearer test_api_key_123""}, ""query_parameters"": {}}","{""status"": ""created"", ""message"": ""Order created and payment authorized."", ""order_id"": ""ord_20251201_0032"", ""total_amount"": 950, ""currency"": ""USD"", ""items"": [{""product_id"": ""prod_F2F"", ""quantity"": 1, ""price"": 950}], ""estimated_delivery"": ""2025-12-12""}","valid","valid_flow","Valid order with card payment to an address with a standard two-letter state code."
"Submit order for cust_37, UPI, 1 item, with a very long UPI ID.","Create_Customer_Order","/v1/orders","POST","{""url"": ""https://api.example-shop.com/v1/orders"", ""body"": {""customer_id"": ""cust_37"", ""items"": [{""product_id"": ""prod_G3G"", ""quantity"": 1}], ""shipping_address"": {""line1"": ""37 Long ID Road"", ""city"": ""Extended"", ""state"": ""EX"", ""postal_code"": ""00000"", ""country"": ""IN""}, ""payment"": {""method"": ""upi"", ""upi_id"": ""this.is.a.very.long.upi.id.to.test.the.maximum.length.of.the.upi.id.field.for.robustness@bankupi""}}, ""method"": ""POST"", ""headers"": {""Content-Type"": ""application/json"", ""Authorization"": ""Bearer test_api_key_123""}, ""query_parameters"": {}}","{""status"": ""pending_payment"", ""message"": ""Order created. Awaiting UPI payment confirmation."", ""currency"": ""INR"", ""order_id"": ""ord_20251201_0033"", ""total_amount"": 1050, ""estimated_delivery"": ""2025-12-13"", ""items"": [{""product_id"": ""prod_G3G"", ""quantity"": 1, ""price"": 1050}]}","edge","boundary","Order with a very long string for 'upi_id' to test length limits."
"Place order for cust_38, netbanking, 1 item, no netbanking_id (optional).","Create_Customer_Order","/v1/orders","POST","{""url"": ""https://api.example-shop.com/v1/orders"", ""body"": {""customer_id"": ""cust_38"", ""items"": [{""product_id"": ""prod_H4H"", ""quantity"": 1}], ""shipping_address"": {""line1"": ""38 Optional ID Rd"", ""city"": ""Anywhere"", ""state"": ""AW"", ""postal_code"": ""90001"", ""country"": ""US""}, ""payment"": {""method"": ""netbanking"", ""netbanking_id"": null}}, ""method"": ""POST"", ""headers"": {""Content-Type"": ""application/json"", ""Authorization"": ""Bearer test_api_key_123""}, ""query_parameters"": {}}","{""status"": ""created"", ""message"": ""Order created and payment initiated via netbanking."", ""currency"": ""USD"", ""order_id"": ""ord_20251201_0034"", ""total_amount"": 1150, ""estimated_delivery"": ""2025-12-14"", ""items"": [{""product_id"": ""prod_H4H"", ""quantity"": 1, ""price"": 1150}]}","valid","valid_flow","Valid order with netbanking payment where 'netbanking_id' is explicitly null (optional field)."
"Order for cust_39, COD, 1 item, with a very short country code.","Create_Customer_Order","/v1/orders","POST","{""url"": ""https://api.example-shop.com/v1/orders"", ""body"": {""customer_id"": ""cust_39"", ""items"": [{""product_id"": ""prod_I5I"", ""quantity"": 1}], ""shipping_address"": {""line1"": ""39 Short Country"", ""city"": ""Smallworld"", ""state"": ""SW"", ""postal_code"": ""12345"", ""country"": ""US""}, ""payment"": {""method"": ""cod""}}, ""method"": ""POST"", ""headers"": {""Content-Type"": ""application/json"", ""Authorization"": ""Bearer test_api_key_123""}, ""query_parameters"": {}}","{""status"": ""created"", ""message"": ""Order created, awaiting cash payment on delivery."", ""order_id"": ""ord_20251201_0035"", ""total_amount"": 850, ""currency"": ""USD"", ""items"": [{""product_id"": ""prod_I5I"", ""quantity"": 1, ""price"": 850}], ""estimated_delivery"": ""2025-12-17""}","valid","valid_flow","Valid order with COD payment to an address with a standard two-letter country code."
"Create an order for cust_40, card, 1 item, with unicode characters in notes.","Create_Customer_Order","/v1/orders","POST","{""url"": ""https://api.example-shop.com/v1/orders"", ""body"": {""customer_id"": ""cust_40"", ""items"": [{""product_id"": ""prod_J6J"", ""quantity"": 1}], ""shipping_address"": {""line1"": ""40 Unicode Lane"", ""city"": ""UTF City"", ""state"": ""UT"", ""postal_code"": ""10001"", ""country"": ""US""}, ""payment"": {""method"": ""card"", ""card_token"": ""tok_test_card_40""}, ""notes"": ""Special delivery instructions: \ud83d\udce6 Please handle with care! \u2728 Thank you. \ud83d\ude0a""}, ""method"": ""POST"", ""headers"": {""Content-Type"": ""application/json"", ""Authorization"": ""Bearer test_api_key_123""}, ""query_parameters"": {}}","{""status"": ""created"", ""message"": ""Order created and payment authorized."", ""order_id"": ""ord_20251201_0036"", ""total_amount"": 900, ""currency"": ""USD"", ""items"": [{""product_id"": ""prod_J6J"", ""quantity"": 1, ""price"": 900}], ""estimated_delivery"": ""2025-12-13""}","edge","boundary","Order with unicode characters in the 'notes' field to test character encoding handling."
"Submit an order for cust_empty_items, with an empty items array.","Create_Customer_Order","/v1/orders","POST","{""url"": ""https://api.example-shop.com/v1/orders"", ""body"": {""customer_id"": ""cust_empty_items"", ""items"": [], ""shipping_address"": {""line1"": ""1 Empty Array Rd"", ""city"": ""Nullsville"", ""state"": ""NL"", ""postal_code"": ""00000"", ""country"": ""US""}, ""payment"": {""method"": ""cod""}}, ""method"": ""POST"", ""headers"": {""Content-Type"": ""application/json"", ""Authorization"": ""Bearer test_api_key_123""}, ""query_parameters"": {}}","{""error_code"": ""VALIDATION_ERROR"", ""message"": ""Invalid request payload."", ""details"": [{""field"": ""items"", ""message"": ""Array must contain at least 1 item.""}]}","extreme","error_case","Attempt to create an order with an empty 'items' array, violating 'minItems: 1'."
"Order for cust_41, UPI, 1 item.","Create_Customer_Order","/v1/orders","POST","{""url"": ""https://api.example-shop.com/v1/orders"", ""body"": {""customer_id"": ""cust_41"", ""items"": [{""product_id"": ""prod_K7K"", ""quantity"": 1}], ""shipping_address"": {""line1"": ""41 Pay Street"", ""city"": ""UPI Central"", ""state"": ""UC"", ""postal_code"": ""30001"", ""country"": ""IN""}, ""payment"": {""method"": ""upi"", ""upi_id"": ""cust41@upi""}}, ""method"": ""POST"", ""headers"": {""Content-Type"": ""application/json"", ""Authorization"": ""Bearer test_api_key_123""}, ""query_parameters"": {}}","{""status"": ""pending_payment"", ""message"": ""Order created. Awaiting UPI payment confirmation."", ""currency"": ""INR"", ""order_id"": ""ord_20251201_0037"", ""total_amount"": 1100, ""estimated_delivery"": ""2025-12-14"", ""items"": [{""product_id"": ""prod_K7K"", ""quantity"": 1, ""price"": 1100}]}","valid","valid_flow","Valid order with UPI payment."
"Place order for cust_42, netbanking, 1 item.","Create_Customer_Order","/v1/orders","POST","{""url"": ""https://api.example-shop.com/v1/orders"", ""body"": {""customer_id"": ""cust_42"", ""items"": [{""product_id"": ""prod_L8L"", ""quantity"": 1}], ""shipping_address"": {""line1"": ""42 Bank Ave"", ""city"": ""Financial Hub"", ""state"": ""FH"", ""postal_code"": ""40002"", ""country"": ""US""}, ""payment"": {""method"": ""netbanking"", ""netbanking_id"": ""nb_id_42""}}, ""method"": ""POST"", ""headers"": {""Content-Type"": ""application/json"", ""Authorization"": ""Bearer test_api_key_123""}, ""query_parameters"": {}}","{""status"": ""created"", ""message"": ""Order created and payment initiated via netbanking."", ""currency"": ""USD"", ""order_id"": ""ord_20251201_0038"", ""total_amount"": 1250, ""estimated_delivery"": ""2025-12-15"", ""items"": [{""product_id"": ""prod_L8L"", ""quantity"": 1, ""price"": 1250}]}","valid","valid_flow","Valid order with netbanking payment."
"Order for cust_43, COD, 1 item.","Create_Customer_Order","/v1/orders","POST","{""url"": ""https://api.example-shop.com/v1/orders"", ""body"": {""customer_id"": ""cust_43"", ""items"": [{""product_id"": ""prod_M9M"", ""quantity"": 1}], ""shipping_address"": {""line1"": ""43 Collect Road"", ""city"": ""Cashpoint"", ""state"": ""CP"", ""postal_code"": ""50003"", ""country"": ""US""}, ""payment"": {""method"": ""cod""}}, ""method"": ""POST"", ""headers"": {""Content-Type"": ""application/json"", ""Authorization"": ""Bearer test_api_key_123""}, ""query_parameters"": {}}","{""status"": ""created"", ""message"": ""Order created, awaiting cash payment on delivery."", ""order_id"": ""ord_20251201_0039"", ""total_amount"": 900, ""currency"": ""USD"", ""items"": [{""product_id"": ""prod_M9M"", ""quantity"": 1, ""price"": 900}], ""estimated_delivery"": ""2025-12-18""}","valid","valid_flow","Valid order with COD payment."
"Create an order for cust_44, card, 1 item, simulate=true, no stock.","Create_Customer_Order","/v1/orders","POST","{""url"": ""https://api.example-shop.com/v1/orders"", ""body"": {""customer_id"": ""cust_44"", ""items"": [{""product_id"": ""prod_NO_STOCK"", ""quantity"": 1000}], ""shipping_address"": {""line1"": ""44 Sim Fail Road"", ""city"": ""No Stock"", ""state"": ""NS"", ""postal_code"": ""00000"", ""country"": ""US""}, ""payment"": {""method"": ""card"", ""card_token"": ""tok_sim_fail_card_44""}}, ""method"": ""POST"", ""headers"": {""Content-Type"": ""application/json"", ""Authorization"": ""Bearer test_api_key_123""}, ""query_parameters"": {""simulate"": ""true""}}","{""valid"": false, ""errors"": [""Insufficient stock for product prod_NO_STOCK. Available: 5, requested: 1000""], ""simulation"": true}","valid","valid_flow","Valid request structure, but expected to fail in simulation due to very high quantity and stock limits."
"Submit order for cust_45, UPI, 1 item, to an address in Japan.","Create_Customer_Order","/v1/orders","POST","{""url"": ""https://api.example-shop.com/v1/orders"", ""body"": {""customer_id"": ""cust_45"", ""items"": [{""product_id"": ""prod_O0O"", ""quantity"": 1}], ""shipping_address"": {""line1"": ""45 Tokyo Street"", ""city"": ""Tokyo"", ""state"": ""TYO"", ""postal_code"": ""100-0001"", ""country"": ""JP""}, ""payment"": {""method"": ""upi"", ""upi_id"": ""jpn.user@upi""}}, ""method"": ""POST"", ""headers"": {""Content-Type"": ""application/json"", ""Authorization"": ""Bearer test_api_key_123""}, ""query_parameters"": {}}","{""status"": ""pending_payment"", ""message"": ""Order created. Awaiting UPI payment confirmation."", ""currency"": ""JPY"", ""order_id"": ""ord_20251201_0040"", ""total_amount"": 1500, ""estimated_delivery"": ""2025-12-15"", ""items"": [{""product_id"": ""prod_O0O"", ""quantity"": 1, ""price"": 1500}]}","valid","valid_flow","Valid order with UPI payment to an international address."
"Order for cust_46, netbanking, 1 item, to an address in France.","Create_Customer_Order","/v1/orders","POST","{""url"": ""https://api.example-shop.com/v1/orders"", ""body"": {""customer_id"": ""cust_46"", ""items"": [{""product_id"": ""prod_P1P"", ""quantity"": 1}], ""shipping_address"": {""line1"": ""46 Rue de la Paix"", ""city"": ""Paris"", ""state"": ""IDF"", ""postal_code"": ""75002"", ""country"": ""FR""}, ""payment"": {""method"": ""netbanking"", ""netbanking_id"": ""nb_id_46""}}, ""method"": ""POST"", ""headers"": {""Content-Type"": ""application/json"", ""Authorization"": ""Bearer test_api_key_123""}, ""query_parameters"": {}}","{""status"": ""created"", ""message"": ""Order created and payment initiated via netbanking."", ""currency"": ""EUR"", ""order_id"": ""ord_20251201_0041"", ""total_amount"": 100, ""estimated_delivery"": ""2025-12-16"", ""items"": [{""product_id"": ""prod_P1P"", ""quantity"": 1, ""price"": 100}]}","valid","valid_flow","Valid order with netbanking payment to an international address."
"Create order for cust_47, COD, 1 item, to an address in Brazil.","Create_Customer_Order","/v1/orders","POST","{""url"": ""https://api.example-shop.com/v1/orders"", ""body"": {""customer_id"": ""cust_47"", ""items"": [{""product_id"": ""prod_Q2Q"", ""quantity"": 1}], ""shipping_address"": {""line1"": ""47 Avenida Paulista"", ""city"": ""Sao Paulo"", ""state"": ""SP"", ""postal_code"": ""01311-200"", ""country"": ""BR""}, ""payment"": {""method"": ""cod""}}, ""method"": ""POST"", ""headers"": {""Content-Type"": ""application/json"", ""Authorization"": ""Bearer test_api_key_123""}, ""query_parameters"": {}}","{""status"": ""created"", ""message"": ""Order created, awaiting cash payment on delivery."", ""order_id"": ""ord_20251201_0042"", ""total_amount"": 120, ""currency"": ""BRL"", ""items"": [{""product_id"": ""prod_Q2Q"", ""quantity"": 1, ""price"": 120}], ""estimated_delivery"": ""2025-12-19""}","valid","valid_flow","Valid order with COD payment to an international address."
"Add order for cust_48, card, 1 item, with a very long product ID.","Create_Customer_Order","/v1/orders","POST","{""url"": ""https://api.example-shop.com/v1/orders"", ""body"": {""customer_id"": ""cust_48"", ""items"": [{""product_id"": ""prod_VERY_LONG_PRODUCT_ID_abcdefghijklmnopqrstuvwxyzABCDEFGHIJKLMNOPQRSTUVWXYZ0123456789_abcdefghijklmnopqrstuvwxyzABCDEFGHIJKLMNOPQRSTUVWXYZ0123456789"", ""quantity"": 1}], ""shipping_address"": {""line1"": ""48 Long Product ID St"", ""city"": ""Extended ID"", ""state"": ""EI"", ""postal_code"": ""00000"", ""country"": ""US""}, ""payment"": {""method"": ""card"", ""card_token"": ""tok_test_card_48""}}, ""method"": ""POST"", ""headers"": {""Content-Type"": ""application/json"", ""Authorization"": ""Bearer test_api_key_123""}, ""query_parameters"": {}}","{""status"": ""created"", ""message"": ""Order created and payment authorized."", ""order_id"": ""ord_20251201_0043"", ""total_amount"": 1050, ""currency"": ""USD"", ""items"": [{""product_id"": ""prod_VERY_LONG_PRODUCT_ID_abcdefghijklmnopqrstuvwxyzABCDEFGHIJKLMNOPQRSTUVWXYZ0123456789_abcdefghijklmnopqrstuvwxyzABCDEFGHIJKLMNOPQRSTUVWXYZ0123456789"", ""quantity"": 1, ""price"": 1050}], ""estimated_delivery"": ""2025-12-14""}","edge","boundary","Order with an extremely long string for 'product_id' to test length limits."
"Submit order for cust_49, UPI, 1 item, with special characters in customer ID.","Create_Customer_Order","/v1/orders","POST","{""url"": ""https://api.example-shop.com/v1/orders"", ""body"": {""customer_id"": ""cust_user!@#$%"", ""items"": [{""product_id"": ""prod_R3R"", ""quantity"": 1}], ""shipping_address"": {""line1"": ""49 Special Char St"", ""city"": ""Charville"", ""state"": ""CH"", ""postal_code"": ""00000"", ""country"": ""IN""}, ""payment"": {""method"": ""upi"", ""upi_id"": ""char.user@upi""}}, ""method"": ""POST"", ""headers"": {""Content-Type"": ""application/json"", ""Authorization"": ""Bearer test_api_key_123""}, ""query_parameters"": {}}","{""status"": ""pending_payment"", ""message"": ""Order created. Awaiting UPI payment confirmation."", ""currency"": ""INR"", ""order_id"": ""ord_20251201_0044"", ""total_amount"": 1300, ""estimated_delivery"": ""2025-12-15"", ""items"": [{""product_id"": ""prod_R3R"", ""quantity"": 1, ""price"": 1300}]}","edge","boundary","Order with safe special characters in 'customer_id' to test input validation."
"Order for cust_50, netbanking, 1 item, to an address in India.","Create_Customer_Order","/v1/orders","POST","{""url"": ""https://api.example-shop.com/v1/orders"", ""body"": {""customer_id"": ""cust_50"", ""items"": [{""product_id"": ""prod_S4S"", ""quantity"": 1}], ""shipping_address"": {""line1"": ""50 India Gate"", ""city"": ""New Delhi"", ""state"": ""DL"", ""postal_code"": ""110001"", ""country"": ""IN""}, ""payment"": {""method"": ""netbanking"", ""netbanking_id"": ""nb_id_50""}}, ""method"": ""POST"", ""headers"": {""Content-Type"": ""application/json"", ""Authorization"": ""Bearer test_api_key_123""}, ""query_parameters"": {}}","{""status"": ""created"", ""message"": ""Order created and payment initiated via netbanking."", ""currency"": ""INR"", ""order_id"": ""ord_20251201_0045"", ""total_amount"": 1400, ""estimated_delivery"": ""2025-12-16"", ""items"": [{""product_id"": ""prod_S4S"", ""quantity"": 1, ""price"": 1400}]}","valid","valid_flow","Valid order with netbanking payment to an address in India."
"Create an order for cust_51, COD, 1 item, to an address in UK.","Create_Customer_Order","/v1/orders","POST","{""url"": ""https://api.example-shop.com/v1/orders"", ""body"": {""customer_id"": ""cust_51"", ""items"": [{""product_id"": ""prod_T5T"", ""quantity"": 1}], ""shipping_address"": {""line1"": ""51 Baker Street"", ""city"": ""London"", ""state"": ""ENG"", ""postal_code"": ""NW1 6XE"", ""country"": ""GB""}, ""payment"": {""method"": ""cod""}}, ""method"": ""POST"", ""headers"": {""Content-Type"": ""application/json"", ""Authorization"": ""Bearer test_api_key_123""}, ""query_parameters"": {}}","{""status"": ""created"", ""message"": ""Order created, awaiting cash payment on delivery."", ""order_id"": ""ord_20251201_0046"", ""total_amount"": 150, ""currency"": ""GBP"", ""items"": [{""product_id"": ""prod_T5T"", ""quantity"": 1, ""price"": 150}], ""estimated_delivery"": ""2025-12-19""}","valid","valid_flow","Valid order with COD payment to an address in the UK."
"Submit order for cust_52, card, 1 item, with a very long card token.","Create_Customer_Order","/v1/orders","POST","{""url"": ""https://api.example-shop.com/v1/orders"", ""body"": {""customer_id"": ""cust_52"", ""items"": [{""product_id"": ""prod_U6U"", ""quantity"": 1}], ""shipping_address"": {""line1"": ""52 Token Test St"", ""city"": ""Tokenville"", ""state"": ""TK"", ""postal_code"": ""00000"", ""country"": ""US""}, ""payment"": {""method"": ""card"", ""card_token"": ""tok_this_is_a_very_long_card_token_to_test_the_maximum_length_of_the_card_token_field_for_robustness_and_security_validation_abcdefghijklmnopqrstuvwxyz0123456789""}}, ""method"": ""POST"", ""headers"": {""Content-Type"": ""application/json"", ""Authorization"": ""Bearer test_api_key_123""}, ""query_parameters"": {}}","{""status"": ""created"", ""message"": ""Order created and payment authorized."", ""order_id"": ""ord_20251201_0047"", ""total_amount"": 1100, ""currency"": ""USD"", ""items"": [{""product_id"": ""prod_U6U"", ""quantity"": 1, ""price"": 1100}], ""estimated_delivery"": ""2025-12-15""}","edge","boundary","Order with an extremely long string for 'card_token' to test length limits."
"Create order for cust_53, UPI, 1 item, to an address in China.","Create_Customer_Order","/v1/orders","POST","{""url"": ""https://api.example-shop.com/v1/orders"", ""body"": {""customer_id"": ""cust_53"", ""items"": [{""product_id"": ""prod_V7V"", ""quantity"": 1}], ""shipping_address"": {""line1"": ""53 Beijing Road"", ""city"": ""Beijing"", ""state"": ""BJ"", ""postal_code"": ""100000"", ""country"": ""CN""}, ""payment"": {""method"": ""upi"", ""upi_id"": ""chn.user@upi""}}, ""method"": ""POST"", ""headers"": {""Content-Type"": ""application/json"", ""Authorization"": ""Bearer test_api_key_123""}, ""query_parameters"": {}}","{""status"": ""pending_payment"", ""message"": ""Order created. Awaiting UPI payment confirmation."", ""currency"": ""CNY"", ""order_id"": ""ord_20251201_0048"", ""total_amount"": 180, ""estimated_delivery"": ""2025-12-16"", ""items"": [{""product_id"": ""prod_V7V"", ""quantity"": 1, ""price"": 180}]}","valid","valid_flow","Valid order with UPI payment to an address in China."
"Place order for cust_54, netbanking, 1 item, to an address in Mexico.","Create_Customer_Order","/v1/orders","POST","{""url"": ""https://api.example-shop.com/v1/orders"", ""body"": {""customer_id"": ""cust_54"", ""items"": [{""product_id"": ""prod_W8W"", ""quantity"": 1}], ""shipping_address"": {""line1"": ""54 Reforma Avenue"", ""city"": ""Mexico City"", ""state"": ""CDMX"", ""postal_code"": ""06600"", ""country"": ""MX""}, ""payment"": {""method"": ""netbanking"", ""netbanking_id"": ""nb_id_54""}}, ""method"": ""POST"", ""headers"": {""Content-Type"": ""application/json"", ""Authorization"": ""Bearer test_api_key_123""}, ""query_parameters"": {}}","{""status"": ""created"", ""message"": ""Order created and payment initiated via netbanking."", ""currency"": ""MXN"", ""order_id"": ""ord_20251201_0049"", ""total_amount"": 250, ""estimated_delivery"": ""2025-12-17"", ""items"": [{""product_id"": ""prod_W8W"", ""quantity"": 1, ""price"": 250}]}","valid","valid_flow","Valid order with netbanking payment to an address in Mexico."
"Order for cust_55, COD, 1 item, to an address in South Africa.","Create_Customer_Order","/v1/orders","POST","{""url"": ""https://api.example-shop.com/v1/orders"", ""body"": {""customer_id"": ""cust_55"", ""items"": [{""product_id"": ""prod_X9X"", ""quantity"": 1}], ""shipping_address"": {""line1"": ""55 Nelson Mandela Blvd"", ""city"": ""Cape Town"", ""state"": ""WC"", ""postal_code"": ""8001"", ""country"": ""ZA""}, ""payment"": {""method"": ""cod""}}, ""method"": ""POST"", ""headers"": {""Content-Type"": ""application/json"", ""Authorization"": ""Bearer test_api_key_123""}, ""query_parameters"": {}}","{""status"": ""created"", ""message"": ""Order created, awaiting cash payment on delivery."", ""order_id"": ""ord_20251201_0050"", ""total_amount"": 300, ""currency"": ""ZAR"", ""items"": [{""product_id"": ""prod_X9X"", ""quantity"": 1, ""price"": 300}], ""estimated_delivery"": ""2025-12-20""}","valid","valid_flow","Valid order with COD payment to an address in South Africa."
"Create an order for cust_56, card, 1 item, to an address in Argentina.","Create_Customer_Order","/v1/orders","POST","{""url"": ""https://api.example-shop.com/v1/orders"", ""body"": {""customer_id"": ""cust_56"", ""items"": [{""product_id"": ""prod_Y0Y"", ""quantity"": 1}], ""shipping_address"": {""line1"": ""56 Avenida Corrientes"", ""city"": ""Buenos Aires"", ""state"": ""C"", ""postal_code"": ""C1043AAJ"", ""country"": ""AR""}, ""payment"": {""method"": ""card"", ""card_token"": ""tok_test_card_56""}}, ""method"": ""POST"", ""headers"": {""Content-Type"": ""application/json"", ""Authorization"": ""Bearer test_api_key_123""}, ""query_parameters"": {}}","{""status"": ""created"", ""message"": ""Order created and payment authorized."", ""order_id"": ""ord_20251201_0051"", ""total_amount"": 400, ""currency"": ""ARS"", ""items"": [{""product_id"": ""prod_Y0Y"", ""quantity"": 1, ""price"": 400}], ""estimated_delivery"": ""2025-12-16""}","valid","valid_flow","Valid order with card payment to an address in Argentina."
"Submit order for cust_57, UPI, 1 item, to an address in Egypt.","Create_Customer_Order","/v1/orders","POST","{""url"": ""https://api.example-shop.com/v1/orders"", ""body"": {""customer_id"": ""cust_57"", ""items"": [{""product_id"": ""prod_Z1Z"", ""quantity"": 1}], ""shipping_address"": {""line1"": ""57 Nile Street"", ""city"": ""Cairo"", ""state"": ""C"", ""postal_code"": ""11511"", ""country"": ""EG""}, ""payment"": {""method"": ""upi"", ""upi_id"": ""egypt.user@upi""}}, ""method"": ""POST"", ""headers"": {""Content-Type"": ""application/json"", ""Authorization"": ""Bearer test_api_key_123""}, ""query_parameters"": {}}","{""status"": ""pending_payment"", ""message"": ""Order created. Awaiting UPI payment confirmation."", ""currency"": ""EGP"", ""order_id"": ""ord_20251201_0052"", ""total_amount"": 500, ""estimated_delivery"": ""2025-12-17"", ""items"": [{""product_id"": ""prod_Z1Z"", ""quantity"": 1, ""price"": 500}]}","valid","valid_flow","Valid order with UPI payment to an address in Egypt."
"Order for cust_58, netbanking, 1 item, to an address in Saudi Arabia.","Create_Customer_Order","/v1/orders","POST","{""url"": ""https://api.example-shop.com/v1/orders"", ""body"": {""customer_id"": ""cust_58"", ""items"": [{""product_id"": ""prod_A2A"", ""quantity"": 1}], ""shipping_address"": {""line1"": ""58 King Fahd Road"", ""city"": ""Riyadh"", ""state"": ""RI"", ""postal_code"": ""11564"", ""country"": ""SA""}, ""payment"": {""method"": ""netbanking"", ""netbanking_id"": ""nb_id_58""}}, ""method"": ""POST"", ""headers"": {""Content-Type"": ""application/json"", ""Authorization"": ""Bearer test_api_key_123""}, ""query_parameters"": {}}","{""status"": ""created"", ""message"": ""Order created and payment initiated via netbanking."", ""currency"": ""SAR"", ""order_id"": ""ord_20251201_0053"", ""total_amount"": 600, ""estimated_delivery"": ""2025-12-18"", ""items"": [{""product_id"": ""prod_A2A"", ""quantity"": 1, ""price"": 600}]}","valid","valid_flow","Valid order with netbanking payment to an address in Saudi Arabia."
"Create an order for cust_59, COD, 1 item, to an address in UAE.","Create_Customer_Order","/v1/orders","POST","{""url"": ""https://api.example-shop.com/v1/orders"", ""body"": {""customer_id"": ""cust_59"", ""items"": [{""product_id"": ""prod_B3B"", ""quantity"": 1}], ""shipping_address"": {""line1"": ""59 Sheikh Zayed Road"", ""city"": ""Dubai"", ""state"": ""DU"", ""postal_code"": ""00000"", ""country"": ""AE""}, ""payment"": {""method"": ""cod""}}, ""method"": ""POST"", ""headers"": {""Content-Type"": ""application/json"", ""Authorization"": ""Bearer test_api_key_123""}, ""query_parameters"": {}}","{""status"": ""created"", ""message"": ""Order created, awaiting cash payment on delivery."", ""order_id"": ""ord_20251201_0054"", ""total_amount"": 700, ""currency"": ""AED"", ""items"": [{""product_id"": ""prod_B3B"", ""quantity"": 1, ""price"": 700}], ""estimated_delivery"": ""2025-12-21""}","valid","valid_flow","Valid order with COD payment to an address in UAE."
"Submit order for cust_60, card, 1 item, to an address in Singapore.","Create_Customer_Order","/v1/orders","POST","{""url"": ""https://api.example-shop.com/v1/orders"", ""body"": {""customer_id"": ""cust_60"", ""items"": [{""product_id"": ""prod_C4C"", ""quantity"": 1}], ""shipping_address"": {""line1"": ""60 Orchard Road"", ""city"": ""Singapore"", ""state"": ""SG"", ""postal_code"": ""238865"", ""country"": ""SG""}, ""payment"": {""method"": ""card"", ""card_token"": ""tok_test_card_60""}}, ""method"": ""POST"", ""headers"": {""Content-Type"": ""application/json"", ""Authorization"": ""Bearer test_api_key_123""}, ""query_parameters"": {}}","{""status"": ""created"", ""message"": ""Order created and payment authorized."", ""order_id"": ""ord_20251201_0055"", ""total_amount"": 800, ""currency"": ""SGD"", ""items"": [{""product_id"": ""prod_C4C"", ""quantity"": 1, ""price"": 800}], ""estimated_delivery"": ""2025-12-17""}","valid","valid_flow","Valid order with card payment to an address in Singapore."
"Process order for cust_61, UPI, 1 item, to an address in Malaysia.","Create_Customer_Order","/v1/orders","POST","{""url"": ""https://api.example-shop.com/v1/orders"", ""body"": {""customer_id"": ""cust_61"", ""items"": [{""product_id"": ""prod_D5D"", ""quantity"": 1}], ""shipping_address"": {""line1"": ""61 Jalan Bukit Bintang"", ""city"": ""Kuala Lumpur"", ""state"": ""KL"", ""postal_code"": ""55100"", ""country"": ""MY""}, ""payment"": {""method"": ""upi"", ""upi_id"": ""malaysia.user@upi""}}, ""method"": ""POST"", ""headers"": {""Content-Type"": ""application/json"", ""Authorization"": ""Bearer test_api_key_123""}, ""query_parameters"": {}}","{""status"": ""pending_payment"", ""message"": ""Order created. Awaiting UPI payment confirmation."", ""currency"": ""MYR"", ""order_id"": ""ord_20251201_0056"", ""total_amount"": 900, ""estimated_delivery"": ""2025-12-18"", ""items"": [{""product_id"": ""prod_D5D"", ""quantity"": 1, ""price"": 900}]}","valid","valid_flow","Valid order with UPI payment to an address in Malaysia."
"Order for cust_62, netbanking, 1 item, to an address in Indonesia.","Create_Customer_Order","/v1/orders","POST","{""url"": ""https://api.example-shop.com/v1/orders"", ""body"": {""customer_id"": ""cust_62"", ""items"": [{""product_id"": ""prod_E6E"", ""quantity"": 1}], ""shipping_address"": {""line1"": ""62 Jalan Thamrin"", ""city"": ""Jakarta"", ""state"": ""JKT"", ""postal_code"": ""10310"", ""country"": ""ID""}, ""payment"": {""method"": ""netbanking"", ""netbanking_id"": ""nb_id_62""}}, ""method"": ""POST"", ""headers"": {""Content-Type"": ""application/json"", ""Authorization"": ""Bearer test_api_key_123""}, ""query_parameters"": {}}","{""status"": ""created"", ""message"": ""Order created and payment initiated via netbanking."", ""currency"": ""IDR"", ""order_id"": ""ord_20251201_0057"", ""total_amount"": 1000, ""estimated_delivery"": ""2025-12-19"", ""items"": [{""product_id"": ""prod_E6E"", ""quantity"": 1, ""price"": 1000}]}","valid","valid_flow","Valid order with netbanking payment to an address in Indonesia."
"Create an order for cust_63, COD, 1 item, to an address in Thailand.","Create_Customer_Order","/v1/orders","POST","{""url"": ""https://api.example-shop.com/v1/orders"", ""body"": {""customer_id"": ""cust_63"", ""items"": [{""product_id"": ""prod_F7F"", ""quantity"": 1}], ""shipping_address"": {""line1"": ""63 Sukhumvit Road"", ""city"": ""Bangkok"", ""state"": ""BKK"", ""postal_code"": ""10110"", ""country"": ""TH""}, ""payment"": {""method"": ""cod""}}, ""method"": ""POST"", ""headers"": {""Content-Type"": ""application/json"", ""Authorization"": ""Bearer test_api_key_123""}, ""query_parameters"": {}}","{""status"": ""created"", ""message"": ""Order created, awaiting cash payment on delivery."", ""order_id"": ""ord_20251201_0058"", ""total_amount"": 1100, ""currency"": ""THB"", ""items"": [{""product_id"": ""prod_F7F"", ""quantity"": 1, ""price"": 1100}], ""estimated_delivery"": ""2025-12-22""}","valid","valid_flow","Valid order with COD payment to an address in Thailand."
"Submit order for cust_64, card, 1 item, to an address in Vietnam.","Create_Customer_Order","/v1/orders","POST","{""url"": ""https://api.example-shop.com/v1/orders"", ""body"": {""customer_id"": ""cust_64"", ""items"": [{""product_id"": ""prod_G8G"", ""quantity"": 1}], ""shipping_address"": {""line1"": ""64 Dong Khoi Street"", ""city"": ""Ho Chi Minh City"", ""state"": ""HCM"", ""postal_code"": ""70000"", ""country"": ""VN""}, ""payment"": {""method"": ""card"", ""card_token"": ""tok_test_card_64""}}, ""method"": ""POST"", ""headers"": {""Content-Type"": ""application/json"", ""Authorization"": ""Bearer test_api_key_123""}, ""query_parameters"": {}}","{""status"": ""created"", ""message"": ""Order created and payment authorized."", ""order_id"": ""ord_20251201_0059"", ""total_amount"": 1200, ""currency"": ""VND"", ""items"": [{""product_id"": ""prod_G8G"", ""quantity"": 1, ""price"": 1200}], ""estimated_delivery"": ""2025-12-18""}","valid","valid_flow","Valid order with card payment to an address in Vietnam."
"Process order for cust_65, UPI, 1 item, to an address in Philippines.","Create_Customer_Order","/v1/orders","POST","{""url"": ""https://api.example-shop.com/v1/orders"", ""body"": {""customer_id"": ""cust_65"", ""items"": [{""product_id"": ""prod_H9H"", ""quantity"": 1}], ""shipping_address"": {""line1"": ""65 Ayala Avenue"", ""city"": ""Makati"", ""state"": ""NCR"", ""postal_code"": ""1226"", ""country"": ""PH""}, ""payment"": {""method"": ""upi"", ""upi_id"": ""phl.user@upi""}}, ""method"": ""POST"", ""headers"": {""Content-Type"": ""application/json"", ""Authorization"": ""Bearer test_api_key_123""}, ""query_parameters"": {}}","{""status"": ""pending_payment"", ""message"": ""Order created. Awaiting UPI payment confirmation."", ""currency"": ""PHP"", ""order_id"": ""ord_20251201_0060"", ""total_amount"": 1300, ""estimated_delivery"": ""2025-12-19"", ""items"": [{""product_id"": ""prod_H9H"", ""quantity"": 1, ""price"": 1300}]}","valid","valid_flow","Valid order with UPI payment to an address in Philippines."
"Order for cust_66, netbanking, 1 item, to an address in Australia.","Create_Customer_Order","/v1/orders","POST","{""url"": ""https://api.example-shop.com/v1/orders"", ""body"": {""customer_id"": ""cust_66"", ""items"": [{""product_id"": ""prod_I0I"", ""quantity"": 1}], ""shipping_address"": {""line1"": ""66 George Street"", ""city"": ""Sydney"", ""state"": ""NSW"", ""postal_code"": ""2000"", ""country"": ""AU""}, ""payment"": {""method"": ""netbanking"", ""netbanking_id"": ""nb_id_66""}}, ""method"": ""POST"", ""headers"": {""Content-Type"": ""application/json"", ""Authorization"": ""Bearer test_api_key_123""}, ""query_parameters"": {}}","{""status"": ""created"", ""message"": ""Order created and payment initiated via netbanking."", ""currency"": ""AUD"", ""order_id"": ""ord_20251201_0061"", ""total_amount"": 1400, ""estimated_delivery"": ""2025-12-20"", ""items"": [{""product_id"": ""prod_I0I"", ""quantity"": 1, ""price"": 1400}]}","valid","valid_flow","Valid order with netbanking payment to an address in Australia."
"Create an order for cust_67, COD, 1 item, to an address in New Zealand.","Create_Customer_Order","/v1/orders","POST","{""url"": ""https://api.example-shop.com/v1/orders"", ""body"": {""customer_id"": ""cust_67"", ""items"": [{""product_id"": ""prod_J1J"", ""quantity"": 1}], ""shipping_address"": {""line1"": ""67 Queen Street"", ""city"": ""Auckland"", ""state"": ""AKL"", ""postal_code"": ""1010"", ""country"": ""NZ""}, ""payment"": {""method"": ""cod""}}, ""method"": ""POST"", ""headers"": {""Content-Type"": ""application/json"", ""Authorization"": ""Bearer test_api_key_123""}, ""query_parameters"": {}}","{""status"": ""created"", ""message"": ""Order created, awaiting cash payment on delivery."", ""order_id"": ""ord_20251201_0062"", ""total_amount"": 1500, ""currency"": ""NZD"", ""items"": [{""product_id"": ""prod_J1J"", ""quantity"": 1, ""price"": 1500}]}","valid","valid_flow","Valid order with COD payment to an address in New Zealand."
"Submit order for cust_68, card, 1 item, to an address in South Korea.","Create_Customer_Order","/v1/orders","POST","{""url"": ""https://api.example-shop.com/v1/orders"", ""body"": {""customer_id"": ""cust_68"", ""items"": [{""product_id"": ""prod_K2K"", ""quantity"": 1}], ""shipping_address"": {""line1"": ""68 Gangnam-daero"", ""city"": ""Seoul"", ""state"": ""SEO"", ""postal_code"": ""06124"", ""country"": ""KR""}, ""payment"": {""method"": ""card"", ""card_token"": ""tok_test_card_68""}}, ""method"": ""POST"", ""headers"": {""Content-Type"": ""application/json"", ""Authorization"": ""Bearer test_api_key_123""}, ""query_parameters"": {}}","{""status"": ""created"", ""message"": ""Order created and payment authorized."", ""order_id"": ""ord_20251201_0063"", ""total_amount"": 1600, ""currency"": ""KRW"", ""items"": [{""product_id"": ""prod_K2K"", ""quantity"": 1, ""price"": 1600}], ""estimated_delivery"": ""2025-12-19""}","valid","valid_flow","Valid order with card payment to an address in South Korea."
"Process order for cust_69, UPI, 1 item, to an address in Taiwan.","Create_Customer_Order","/v1/orders","POST","{""url"": ""https://api.example-shop.com/v1/orders"", ""body"": {""customer_id"": ""cust_69"", ""items"": [{""product_id"": ""prod_L3L"", ""quantity"": 1}], ""shipping_address"": {""line1"": ""69 Xinyi Road"", ""city"": ""Taipei"", ""state"": ""TPE"", ""postal_code"": ""110"", ""country"": ""TW""}, ""payment"": {""method"": ""upi"", ""upi_id"": ""twn.user@upi""}}, ""method"": ""POST"", ""headers"": {""Content-Type"": ""application/json"", ""Authorization"": ""Bearer test_api_key_123""}, ""query_parameters"": {}}","{""status"": ""pending_payment"", ""message"": ""Order created. Awaiting UPI payment confirmation."", ""currency"": ""TWD"", ""order_id"": ""ord_20251201_0064"", ""total_amount"": 1700, ""estimated_delivery"": ""2025-12-20"", ""items"": [{""product_id"": ""prod_L3L"", ""quantity"": 1, ""price"": 1700}]}","valid","valid_flow","Valid order with UPI payment to an address in Taiwan."
"Order for cust_70, netbanking, 1 item, to an address in Hong Kong.","Create_Customer_Order","/v1/orders","POST","{""url"": ""https://api.example-shop.com/v1/orders"", ""body"": {""customer_id"": ""cust_70"", ""items"": [{""product_id"": ""prod_M4M"", ""quantity"": 1}], ""shipping_address"": {""line1"": ""70 Nathan Road"", ""city"": ""Kowloon"", ""state"": ""KLN"", ""postal_code"": ""999077"", ""country"": ""HK""}, ""payment"": {""method"": ""netbanking"", ""netbanking_id"": ""nb_id_70""}}, ""method"": ""POST"", ""headers"": {""Content-Type"": ""application/json"", ""Authorization"": ""Bearer test_api_key_123""}, ""query_parameters"": {}}","{""status"": ""created"", ""message"": ""Order created and payment initiated via netbanking."", ""currency"": ""HKD"", ""order_id"": ""ord_20251201_0065"", ""total_amount"": 1800, ""estimated_delivery"": ""2025-12-21"", ""items"": [{""product_id"": ""prod_M4M"", ""quantity"": 1, ""price"": 1800}]}","valid","valid_flow","Valid order with netbanking payment to an address in Hong Kong."
"Create an order for cust_71, COD, 1 item, to an address in Russia.","Create_Customer_Order","/v1/orders","POST","{""url"": ""https://api.example-shop.com/v1/orders"", ""body"": {""customer_id"": ""cust_71"", ""items"": [{""product_id"": ""prod_N5N"", ""quantity"": 1}], ""shipping_address"": {""line1"": ""71 Red Square"", ""city"": ""Moscow"", ""state"": ""MOW"", ""postal_code"": ""109012"", ""country"": ""RU""}, ""payment"": {""method"": ""cod""}}, ""method"": ""POST"", ""headers"": {""Content-Type"": ""application/json"", ""Authorization"": ""Bearer test_api_key_123""}, ""query_parameters"": {}}","{""status"": ""created"", ""message"": ""Order created, awaiting cash payment on delivery."", ""order_id"": ""ord_20251201_0066"", ""total_amount"": 1900, ""currency"": ""RUB"", ""items"": [{""product_id"": ""prod_N5N"", ""quantity"": 1, ""price"": 1900}], ""estimated_delivery"": ""2025-12-23""}","valid","valid_flow","Valid order with COD payment to an address in Russia."
"Submit order for cust_72, card, 1 item, to an address in Turkey.","Create_Customer_Order","/v1/orders","POST","{""url"": ""https://api.example-shop.com/v1/orders"", ""body"": {""customer_id"": ""cust_72"", ""items"": [{""product_id"": ""prod_O6O"", ""quantity"": 1}], ""shipping_address"": {""line1"": ""72 Istiklal Avenue"", ""city"": ""Istanbul"", ""state"": ""IST"", ""postal_code"": ""34435"", ""country"": ""TR""}, ""payment"": {""method"": ""card"", ""card_token"": ""tok_test_card_72""}}, ""method"": ""POST"", ""headers"": {""Content-Type"": ""application/json"", ""Authorization"": ""Bearer test_api_key_123""}, ""query_parameters"": {}}","{""status"": ""created"", ""message"": ""Order created and payment authorized."", ""order_id"": ""ord_20251201_0067"", ""total_amount"": 2000, ""currency"": ""TRY"", ""items"": [{""product_id"": ""prod_O6O"", ""quantity"": 1, ""price"": 2000}], ""estimated_delivery"": ""2025-12-20""}","valid","valid_flow","Valid order with card payment to an address in Turkey."
"Process order for cust_73, UPI, 1 item, to an address in Sweden.","Create_Customer_Order","/v1/orders","POST","{""url"": ""https://api.example-shop.com/v1/orders"", ""body"": {""customer_id"": ""cust_73"", ""items"": [{""product_id"": ""prod_P7P"", ""quantity"": 1}], ""shipping_address"": {""line1"": ""73 Drottninggatan"", ""city"": ""Stockholm"", ""state"": ""STO"", ""postal_code"": ""111 51"", ""country"": ""SE""}, ""payment"": {""method"": ""upi"", ""upi_id"": ""swe.user@upi""}}, ""method"": ""POST"", ""headers"": {""Content-Type"": ""application/json"", ""Authorization"": ""Bearer test_api_key_123""}, ""query_parameters"": {}}","{""status"": ""pending_payment"", ""message"": ""Order created. Awaiting UPI payment confirmation."", ""currency"": ""SEK"", ""order_id"": ""ord_20251201_0068"", ""total_amount"": 2100, ""estimated_delivery"": ""2025-12-21"", ""items"": [{""product_id"": ""prod_P7P"", ""quantity"": 1, ""price"": 2100}]}","valid","valid_flow","Valid order with UPI payment to an address in Sweden."
"Order for cust_74, netbanking, 1 item, to an address in Norway.","Create_Customer_Order","/v1/orders","POST","{""url"": ""https://api.example-shop.com/v1/orders"", ""body"": {""customer_id"": ""cust_74"", ""items"": [{""product_id"": ""prod_Q8Q"", ""quantity"": 1}], ""shipping_address"": {""line1"": ""74 Karl Johans gate"", ""city"": ""Oslo"", ""state"": ""OSL"", ""postal_code"": ""0159"", ""country"": ""NO""}, ""payment"": {""method"": ""netbanking"", ""netbanking_id"": ""nb_id_74""}}, ""method"": ""POST"", ""headers"": {""Content-Type"": ""application/json"", ""Authorization"": ""Bearer test_api_key_123""}, ""query_parameters"": {}}","{""status"": ""created"", ""message"": ""Order created and payment initiated via netbanking."", ""currency"": ""NOK"", ""order_id"": ""ord_20251201_0069"", ""total_amount"": 2200, ""estimated_delivery"": ""2025-12-22"", ""items"": [{""product_id"": ""prod_Q8Q"", ""quantity"": 1, ""price"": 2200}]}","valid","valid_flow","Valid order with netbanking payment to an address in Norway."
"Create an order for cust_75, COD, 1 item, to an address in Denmark.","Create_Customer_Order","/v1/orders","POST","{""url"": ""https://api.example-shop.com/v1/orders"", ""body"": {""customer_id"": ""cust_75"", ""items"": [{""product_id"": ""prod_R9R"", ""quantity"": 1}], ""shipping_address"": {""line1"": ""75 Str\u00f8get"", ""city"": ""Copenhagen"", ""state"": ""CPH"", ""postal_code"": ""1160"", ""country"": ""DK""}, ""payment"": {""method"": ""cod""}}, ""method"": ""POST"", ""headers"": {""Content-Type"": ""application/json"", ""Authorization"": ""Bearer test_api_key_123""}, ""query_parameters"": {}}","{""status"": ""created"", ""message"": ""Order created, awaiting cash payment on delivery."", ""order_id"": ""ord_20251201_0070"", ""total_amount"": 2300, ""currency"": ""DKK"", ""items"": [{""product_id"": ""prod_R9R"", ""quantity"": 1, ""price"": 2300}], ""estimated_delivery"": ""2025-12-24""}","valid","valid_flow","Valid order with COD payment to an address in Denmark."
"Attempt to create an order without specifying the customer ID. What happens?","Create_Customer_Order","/v1/orders","POST","{""items"": [{""quantity"": 1, ""product_id"": ""prod_XYZ999""}], ""payment"": {""method"": ""cod""}, ""shipping_address"": {""city"": ""Mumbai"", ""line1"": ""789 Ocean Drive"", ""state"": ""MH"", ""country"": ""IN"", ""postal_code"": ""400001""}}","{""error_code"": ""VALIDATION_ERROR"", ""message"": ""Request validation failed."", ""details"": [{""field"": ""customer_id"", ""message"": ""customer_id is a required field.""}]}","extreme","error_case","Tests an extreme error case where the 'customer_id' field, which is required by the schema, is completely missing from the request body."
